Time [s],Cold-junction [°C],Hot [°C],Cold [°C],Cu [°C],PCB [°C],TJMP2-P [°C],TJMP2-C [°C],dT_Peltier [°C],Ambient [°C],Set Temperature [°C],Current [A],Voltage [V],NTC [°C],DHT22 [°C],Humidity [%]
2025-03-11 14:53:12,25.42,29.20,24.92,28.71,26.82,27.62,27.94,25.69,24.69,5.0,0.00,20.00,31.48,23.97,4.77
2025-03-11 14:53:14,25.42,28.90,25.11,28.63,26.84,27.61,27.94,25.74,24.69,5.0,0.00,20.00,31.47,24.00,4.62
2025-03-11 14:53:16,25.42,28.89,24.42,28.56,26.84,27.60,27.93,25.81,24.70,5.0,4.00,20.00,31.43,23.95,4.45
2025-03-11 14:53:18,25.42,29.46,23.84,28.47,26.85,27.59,27.92,25.81,24.71,5.0,4.00,20.00,31.44,23.94,4.32
2025-03-11 14:53:20,25.42,29.77,23.41,28.39,26.84,27.58,27.90,25.77,24.73,5.0,4.00,20.00,31.48,23.97,4.15
2025-03-11 14:53:22,25.42,30.01,23.01,28.28,26.82,27.54,27.86,25.80,24.71,5.0,4.00,20.00,31.41,23.91,4.00
2025-03-11 14:53:24,25.42,30.24,22.67,28.21,26.84,27.52,27.85,25.93,24.74,5.0,4.00,20.00,31.40,24.00,3.90
2025-03-11 14:53:25,25.42,30.48,22.34,28.13,26.81,27.50,27.81,25.90,24.73,5.0,4.00,20.00,31.49,24.00,3.80
2025-03-11 14:53:27,25.42,30.65,22.00,28.02,26.80,27.45,27.77,25.74,24.73,5.0,4.00,20.00,31.40,24.00,3.70
2025-03-11 14:53:29,25.42,30.84,21.70,27.93,26.77,27.40,27.72,25.81,24.73,5.0,4.00,20.00,31.37,24.00,3.60
2025-03-11 14:53:31,25.42,30.99,21.42,27.85,26.76,27.37,27.69,25.74,24.74,5.0,4.00,20.00,31.41,24.00,3.60
2025-03-11 14:53:33,25.42,31.15,21.13,27.74,26.73,27.32,27.63,25.59,24.72,5.0,4.00,20.00,31.36,24.00,3.60
2025-03-11 14:53:35,25.42,31.30,20.86,27.65,26.72,27.28,27.60,25.61,24.73,5.0,4.00,20.00,31.44,24.00,3.51
2025-03-11 14:53:37,25.42,31.45,20.60,27.55,26.70,27.23,27.55,25.56,24.72,5.0,4.00,20.00,31.36,24.00,3.41
2025-03-11 14:53:39,25.42,31.58,20.36,27.46,26.67,27.18,27.51,25.61,24.72,5.0,4.00,20.00,31.35,24.00,3.40
2025-03-11 14:53:41,25.42,31.69,20.11,27.35,26.64,27.12,27.44,25.36,24.71,5.0,4.00,20.00,31.42,24.00,3.31
2025-03-11 14:53:43,25.42,31.81,19.88,27.24,26.62,27.08,27.40,25.73,24.72,5.0,4.00,20.00,31.36,24.00,3.21
2025-03-11 14:53:44,25.42,31.91,19.66,27.14,26.60,27.03,27.35,25.80,24.75,5.0,4.00,20.00,31.33,24.00,3.12
2025-03-11 14:53:46,25.42,32.00,19.43,27.03,26.57,26.97,27.30,25.72,24.75,5.0,4.00,20.00,31.34,24.00,3.10
2025-03-11 14:53:48,25.43,32.09,19.21,26.92,26.54,26.92,27.24,25.93,24.75,5.0,4.00,20.00,31.33,24.00,3.03
2025-03-11 14:53:50,25.43,32.20,19.00,26.80,26.51,26.85,27.18,25.85,24.77,5.0,4.00,20.00,31.34,24.00,3.00
2025-03-11 14:53:52,25.43,32.28,18.79,26.68,26.47,26.78,27.11,25.79,24.76,5.0,4.00,20.00,31.31,24.00,3.00
2025-03-11 14:53:54,25.43,32.36,18.58,26.55,26.43,26.71,27.04,25.84,24.76,5.0,4.00,20.00,31.29,24.00,2.95
2025-03-11 14:53:56,25.43,32.43,18.39,26.43,26.42,26.66,26.99,26.05,24.77,5.0,4.00,20.00,31.30,24.00,2.90
2025-03-11 14:53:58,25.43,32.51,18.19,26.30,26.37,26.58,26.91,26.18,24.78,5.0,4.00,20.00,31.33,24.00,2.90
2025-03-11 14:54:00,25.43,32.54,18.00,26.16,26.31,26.50,26.83,25.84,24.79,5.0,4.00,20.00,31.26,24.00,2.90
2025-03-11 14:54:02,25.43,32.60,17.81,26.03,26.29,26.43,26.77,26.11,24.80,5.0,4.00,20.00,31.23,24.00,2.90
2025-03-11 14:54:04,25.43,32.66,17.62,25.89,26.23,26.35,26.68,25.92,24.79,5.0,4.00,20.00,31.23,24.00,3.10
2025-03-11 14:54:05,25.43,32.69,17.43,25.75,26.18,26.25,26.60,25.82,24.79,5.0,4.00,20.00,31.21,24.10,3.49
2025-03-11 14:54:07,25.43,32.72,17.25,25.60,26.13,26.16,26.50,25.67,24.78,5.0,4.00,20.00,31.29,24.00,3.60
2025-03-11 14:54:09,25.43,32.77,17.08,25.46,26.09,26.09,26.43,25.45,24.79,5.0,4.00,20.00,31.21,24.00,3.60
2025-03-11 14:54:11,25.43,32.82,16.90,25.32,26.04,26.00,26.34,25.59,24.79,5.0,4.00,20.00,31.18,24.00,3.51
2025-03-11 14:54:13,25.43,32.86,16.72,25.17,25.98,25.91,26.26,25.74,24.79,5.0,4.00,20.00,31.21,24.09,3.41
2025-03-11 14:54:15,25.43,32.91,16.56,25.04,25.94,25.82,26.17,25.87,24.80,5.0,4.00,20.00,31.15,24.10,3.31
2025-03-11 14:54:17,25.43,32.92,16.39,24.90,25.88,25.74,26.08,25.91,24.80,5.0,4.00,20.00,31.22,24.01,3.21
2025-03-11 14:54:19,25.43,32.95,16.23,24.74,25.83,25.65,25.98,25.83,24.80,5.0,4.00,20.00,31.14,24.09,3.20
2025-03-11 14:54:21,25.43,32.95,16.06,24.59,25.78,25.55,25.89,26.01,24.80,5.0,4.00,20.00,31.11,24.10,3.20
2025-03-11 14:54:23,25.43,32.97,15.90,24.44,25.71,25.44,25.80,25.92,24.81,5.0,4.00,20.00,31.10,24.10,3.20
2025-03-11 14:54:25,25.43,33.00,15.72,24.29,25.63,25.33,25.70,25.55,24.80,5.0,4.00,20.00,31.08,24.10,3.12
2025-03-11 14:54:26,25.44,33.01,15.56,24.14,25.57,25.24,25.60,25.74,24.80,5.0,4.00,20.00,31.13,24.10,3.10
2025-03-11 14:54:28,25.44,33.02,15.41,23.99,25.52,25.14,25.49,25.67,24.81,5.0,4.00,20.00,31.09,24.10,3.10
2025-03-11 14:54:30,25.44,33.00,15.26,23.85,25.47,25.04,25.40,26.00,24.82,5.0,4.00,20.00,31.05,24.10,3.04
2025-03-11 14:54:32,25.44,33.01,15.10,23.70,25.39,24.94,25.31,26.15,24.80,5.0,4.00,20.00,31.05,24.10,3.00
2025-03-11 14:54:34,25.44,32.99,14.95,23.53,25.33,24.83,25.19,25.89,24.81,5.0,4.00,20.00,31.03,24.10,3.00
2025-03-11 14:54:36,25.44,32.97,14.78,23.38,25.25,24.72,25.09,26.00,24.80,5.0,4.00,20.00,31.02,24.10,2.97
2025-03-11 14:54:38,25.44,32.96,14.63,23.22,25.18,24.62,24.99,25.96,24.79,5.0,4.00,20.00,30.99,24.10,2.89
2025-03-11 14:54:40,25.44,32.97,14.47,23.07,25.10,24.51,24.87,25.73,24.79,5.0,4.00,20.00,30.98,24.10,2.80
2025-03-11 14:54:42,25.44,32.96,14.33,22.93,25.05,24.41,24.78,26.02,24.80,5.0,4.00,20.00,30.95,24.10,2.90
2025-03-11 14:54:44,25.44,32.97,14.17,22.78,24.98,24.30,24.67,26.00,24.79,5.0,4.00,20.00,31.02,24.10,2.90
2025-03-11 14:54:46,25.44,32.98,14.04,22.62,24.91,24.18,24.56,25.84,24.80,5.0,4.00,20.00,30.93,24.10,2.80
2025-03-11 14:54:47,25.44,32.96,13.87,22.47,24.83,24.08,24.46,25.86,24.80,5.0,4.00,20.00,30.90,24.10,2.80
2025-03-11 14:54:49,25.44,32.99,13.75,22.32,24.77,23.97,24.35,26.01,24.82,5.0,4.00,20.00,30.93,24.10,2.80
2025-03-11 14:54:51,25.44,33.01,13.60,22.17,24.69,23.87,24.25,26.00,24.82,5.0,4.00,20.00,30.89,24.10,2.71
2025-03-11 14:54:53,25.44,33.02,13.46,22.03,24.63,23.75,24.15,26.09,24.82,5.0,4.00,20.00,30.88,24.10,2.70
2025-03-11 14:54:55,25.44,33.03,13.33,21.88,24.55,23.65,24.03,26.17,24.84,5.0,4.00,20.00,30.85,24.10,2.70
2025-03-11 14:54:57,25.44,33.02,13.18,21.74,24.48,23.54,23.92,25.92,24.84,5.0,4.00,20.00,30.83,24.10,3.05
2025-03-11 14:54:59,25.44,33.02,13.04,21.58,24.40,23.42,23.81,26.33,24.84,5.0,4.00,20.00,30.89,24.10,3.36
2025-03-11 14:55:01,25.44,33.00,12.90,21.43,24.32,23.31,23.71,25.90,24.84,5.0,4.00,20.00,30.82,24.10,3.65
2025-03-11 14:55:03,25.44,32.99,12.77,21.29,24.25,23.20,23.59,26.04,24.83,5.0,4.00,20.00,30.79,24.10,3.86
2025-03-11 14:55:05,25.44,32.98,12.63,21.14,24.17,23.09,23.49,26.16,24.84,5.0,4.00,20.00,30.77,24.10,3.82
2025-03-11 14:55:07,25.45,32.97,12.49,20.99,24.09,22.97,23.37,26.07,24.83,5.0,4.00,20.00,30.77,24.10,3.80
2025-03-11 14:55:08,25.45,32.98,12.36,20.85,24.02,22.87,23.27,26.39,24.84,5.0,4.00,20.00,30.79,24.10,3.92
2025-03-11 14:55:10,25.45,32.97,12.23,20.70,23.94,22.75,23.15,26.19,24.82,5.0,4.00,20.00,30.77,24.10,3.89
2025-03-11 14:55:12,25.45,32.94,12.08,20.54,23.85,22.62,23.03,25.89,24.81,5.0,4.00,20.00,30.72,24.10,3.80
2025-03-11 14:55:14,25.45,32.92,11.94,20.39,23.75,22.51,22.91,25.75,24.80,5.0,4.00,20.00,30.71,24.13,3.83
2025-03-11 14:55:16,25.45,32.91,11.82,20.25,23.69,22.39,22.81,25.77,24.79,5.0,4.00,20.00,30.71,24.20,3.89
2025-03-11 14:55:18,25.45,32.90,11.69,20.11,23.60,22.28,22.70,25.62,24.79,5.0,4.00,20.00,30.69,24.20,3.80
2025-03-11 14:55:20,25.45,32.88,11.55,19.96,23.52,22.17,22.58,25.77,24.79,5.0,4.00,20.00,30.70,24.10,3.70
2025-03-11 14:55:22,25.45,32.89,11.43,19.82,23.46,22.06,22.48,25.89,24.82,5.0,4.00,20.00,30.65,24.20,3.60
2025-03-11 14:55:24,25.45,32.87,11.29,19.67,23.36,21.94,22.36,25.96,24.83,5.0,4.00,20.00,30.64,24.20,3.70
2025-03-11 14:55:26,25.45,32.87,11.16,19.53,23.29,21.84,22.25,26.05,24.82,5.0,4.00,20.00,30.64,24.10,3.60
2025-03-11 14:55:27,25.45,32.88,11.04,19.39,23.20,21.72,22.14,26.16,24.82,5.0,4.00,20.00,30.61,24.20,3.98
2025-03-11 14:55:29,25.45,32.88,10.92,19.25,23.13,21.63,22.04,26.15,24.83,5.0,4.00,20.00,30.67,24.11,3.81
2025-03-11 14:55:31,25.45,32.87,10.78,19.10,23.04,21.50,21.93,25.81,24.82,5.0,4.00,20.00,30.59,24.19,3.62
2025-03-11 14:55:33,25.45,32.86,10.66,18.97,22.97,21.39,21.82,25.92,24.82,5.0,4.00,20.00,30.56,24.20,3.51
2025-03-11 14:55:35,25.45,32.87,10.54,18.83,22.88,21.28,21.71,26.06,24.83,5.0,4.00,20.00,30.56,24.20,3.41
2025-03-11 14:55:37,25.45,32.86,10.41,18.68,22.79,21.17,21.60,26.14,24.82,5.0,4.00,20.00,30.53,24.20,3.31
2025-03-11 14:55:39,25.45,32.84,10.29,18.54,22.71,21.05,21.48,26.00,24.82,5.0,4.00,20.00,30.59,24.20,3.22
2025-03-11 14:55:41,25.45,32.85,10.16,18.40,22.63,20.95,21.38,26.18,24.83,5.0,4.00,20.00,30.53,24.20,3.12
2025-03-11 14:55:43,25.45,32.84,10.04,18.27,22.55,20.84,21.27,26.18,24.82,5.0,4.00,20.00,30.50,24.20,3.10
2025-03-11 14:55:45,25.46,32.83,9.92,18.13,22.48,20.71,21.15,25.99,24.83,5.0,4.00,20.00,30.48,24.20,3.03
2025-03-11 14:55:47,25.46,32.81,9.80,18.00,22.39,20.61,21.05,25.94,24.83,5.0,4.00,20.00,30.48,24.20,2.94
2025-03-11 14:55:48,25.46,32.80,9.68,17.85,22.30,20.51,20.95,26.00,24.83,5.0,4.00,20.00,30.51,24.20,2.90
2025-03-11 14:55:50,25.46,32.78,9.54,17.72,22.22,20.39,20.83,26.01,24.82,5.0,4.00,20.00,30.46,24.20,2.90
2025-03-11 14:55:52,25.46,32.78,9.43,17.59,22.14,20.28,20.72,26.09,24.83,5.0,4.00,20.00,30.44,24.20,2.90
2025-03-11 14:55:54,25.46,32.77,9.31,17.44,22.05,20.17,20.61,25.89,24.83,5.0,4.00,20.00,30.42,24.20,2.90
2025-03-11 14:55:56,25.46,32.78,9.20,17.32,21.97,20.06,20.51,25.82,24.82,5.0,4.00,20.00,30.44,24.20,2.90
2025-03-11 14:55:58,25.46,32.76,9.08,17.18,21.88,19.95,20.39,25.97,24.83,5.0,4.00,20.00,30.40,24.20,3.10
2025-03-11 14:56:00,25.46,32.74,8.96,17.05,21.81,19.84,20.29,26.14,24.85,5.0,4.00,20.00,30.37,24.20,3.59
2025-03-11 14:56:02,25.46,32.72,8.84,16.92,21.72,19.73,20.18,25.96,24.85,5.0,4.00,20.00,30.44,24.20,3.50
2025-03-11 14:56:04,25.46,32.71,8.72,16.78,21.63,19.62,20.06,25.74,24.85,5.0,4.00,20.00,30.35,24.20,3.40
2025-03-11 14:56:06,25.46,32.69,8.61,16.65,21.55,19.52,19.96,25.73,24.85,5.0,4.00,20.00,30.35,24.20,3.31
2025-03-11 14:56:08,25.46,32.69,8.49,16.52,21.47,19.40,19.85,25.71,24.84,5.0,4.00,20.00,30.40,24.20,3.39
2025-03-11 14:56:09,25.46,32.67,8.37,16.39,21.38,19.28,19.73,26.13,24.85,5.0,4.00,20.00,30.33,24.20,3.31
2025-03-11 14:56:11,25.46,32.66,8.26,16.26,21.30,19.19,19.63,25.86,24.85,5.0,4.00,20.00,30.30,24.20,3.21
2025-03-11 14:56:13,25.46,32.66,8.13,16.12,21.22,19.07,19.52,25.88,24.85,5.0,4.00,20.00,30.36,24.20,3.11
2025-03-11 14:56:15,25.46,32.65,8.03,16.01,21.14,18.97,19.42,26.04,24.86,5.0,4.00,20.00,30.30,24.20,3.01
2025-03-11 14:56:17,25.46,32.63,7.92,15.86,21.05,18.86,19.31,26.02,24.85,5.0,4.00,20.00,30.27,24.20,3.08
2025-03-11 14:56:19,25.46,32.63,7.81,15.75,20.98,18.76,19.21,25.95,24.86,5.0,4.00,20.00,30.32,24.20,3.10
2025-03-11 14:56:21,25.47,32.14,7.69,15.62,20.90,18.66,19.10,26.13,24.85,5.0,4.00,20.00,30.27,24.20,3.10
2025-03-11 14:56:23,25.47,32.37,7.58,15.49,20.81,18.55,18.99,26.07,24.85,5.0,4.00,20.00,30.24,24.20,3.17
2025-03-11 14:56:25,25.47,31.92,7.47,15.36,20.73,18.45,18.90,25.94,24.86,5.0,4.00,20.00,30.24,24.20,3.26
2025-03-11 14:56:27,25.47,32.08,7.37,15.25,20.65,18.35,18.79,26.25,24.86,5.0,4.00,20.00,30.25,24.20,3.30
2025-03-11 14:56:29,25.47,31.99,7.25,15.13,20.57,18.24,18.70,26.15,24.87,5.0,4.00,20.00,30.21,24.20,3.34
2025-03-11 14:56:30,25.47,32.01,7.16,15.01,20.50,18.14,18.60,26.16,24.86,5.0,4.00,20.00,30.20,24.20,3.43
2025-03-11 14:56:32,25.47,32.10,7.04,14.88,20.40,18.03,18.48,25.97,24.85,5.0,4.00,20.00,30.20,24.20,3.52
2025-03-11 14:56:34,25.47,32.23,6.94,14.75,20.32,17.92,18.37,25.99,24.84,5.0,4.00,20.00,30.17,24.20,3.60
2025-03-11 14:56:36,25.47,32.06,6.82,14.63,20.24,17.82,18.28,26.01,24.86,5.0,4.00,20.00,30.17,24.20,3.80
2025-03-11 14:56:38,25.47,32.05,6.71,14.51,20.16,17.72,18.18,26.01,24.85,5.0,4.00,20.00,30.15,24.20,3.80
2025-03-11 14:56:40,25.47,32.12,6.61,14.39,20.07,17.61,18.07,25.78,24.84,5.0,4.00,20.00,30.14,24.20,3.70
2025-03-11 14:56:42,25.47,32.17,6.50,14.26,19.99,17.50,17.97,25.77,24.85,5.0,4.00,20.00,30.20,24.20,3.60
2025-03-11 14:56:44,25.47,32.26,6.40,14.15,19.91,17.41,17.87,25.93,24.84,5.0,4.00,20.00,30.13,24.20,3.50
2025-03-11 14:56:46,25.47,32.26,6.30,14.04,19.85,17.32,17.78,26.30,24.85,5.0,4.00,20.00,30.10,24.20,3.59
2025-03-11 14:56:48,25.47,32.00,6.19,13.91,19.75,17.21,17.67,25.94,24.84,5.0,4.00,20.00,30.13,24.20,3.60
2025-03-11 14:56:49,25.47,31.92,6.09,13.80,19.68,17.11,17.57,26.06,24.84,5.0,4.00,20.00,30.09,24.20,3.60
2025-03-11 14:56:51,25.47,32.06,6.00,13.70,19.61,17.02,17.48,26.14,24.85,5.0,4.00,20.00,30.06,24.20,3.87
2025-03-11 14:56:53,25.47,31.92,5.88,13.57,19.52,16.91,17.37,25.98,24.83,5.0,4.00,20.00,30.07,24.20,3.81
2025-03-11 14:56:55,25.47,31.76,5.80,13.46,19.44,16.82,17.28,26.00,24.84,5.0,4.00,20.00,30.06,24.20,4.14
2025-03-11 14:56:57,25.47,31.67,5.69,13.34,19.35,16.71,17.17,25.81,24.84,5.0,4.00,20.00,30.06,24.20,4.20
2025-03-11 14:56:59,25.47,31.89,5.58,13.22,19.27,16.62,17.08,25.96,24.85,5.0,4.00,20.00,30.04,24.20,4.43
2025-03-11 14:57:01,25.47,31.59,5.48,13.10,19.20,16.52,16.98,26.05,24.86,5.0,4.00,20.00,30.02,24.20,4.78
2025-03-11 14:57:03,25.48,31.51,5.38,12.99,19.11,16.43,16.89,26.13,24.87,5.0,4.00,20.00,30.05,24.20,4.90
2025-03-11 14:57:05,25.48,31.32,5.29,12.88,19.05,16.32,16.79,26.11,24.88,5.0,4.00,20.00,30.02,24.20,4.68
2025-03-11 14:57:07,25.48,31.79,5.18,12.77,18.96,16.24,16.70,26.15,24.88,5.0,4.00,20.00,30.00,24.20,4.41
2025-03-11 14:57:09,25.48,31.85,5.07,12.65,18.87,16.13,16.59,26.01,24.87,5.0,4.00,20.00,30.00,24.20,4.27
2025-03-11 14:57:10,25.48,31.81,4.98,12.54,18.81,16.04,16.51,26.05,24.87,5.0,4.00,20.00,30.03,24.20,4.18
2025-03-11 14:57:12,25.48,31.52,4.90,12.44,18.73,15.94,16.41,26.24,24.87,5.0,4.00,20.00,29.97,24.20,4.10
2025-03-11 14:57:14,25.48,31.99,4.79,12.31,18.64,15.84,16.30,26.10,24.88,5.0,4.00,20.00,29.95,24.20,4.00
2025-03-11 14:57:16,25.48,31.88,4.69,12.21,18.56,15.74,16.20,26.07,24.88,5.0,4.00,20.00,30.01,24.20,3.81
2025-03-11 14:57:18,25.48,31.87,4.59,12.10,18.48,15.65,16.11,26.20,24.87,5.0,4.00,20.00,29.93,24.20,3.70
2025-03-11 14:57:20,25.48,31.81,4.51,11.99,18.41,15.56,16.01,26.22,24.87,5.0,4.00,20.00,29.92,24.20,3.70
2025-03-11 14:57:22,25.48,32.02,4.40,11.88,18.34,15.46,15.92,25.98,24.87,5.0,4.00,20.00,29.97,24.20,3.89
2025-03-11 14:57:24,25.48,31.98,4.32,11.78,18.26,15.37,15.84,26.09,24.87,5.0,4.00,20.00,29.92,24.11,3.90
2025-03-11 14:57:26,25.48,31.99,4.23,11.68,18.19,15.30,15.74,25.96,24.89,5.0,4.00,20.00,29.89,24.19,4.09
2025-03-11 14:57:28,25.48,31.70,4.14,11.58,18.12,15.19,15.66,26.29,24.91,5.0,4.00,20.00,29.94,24.20,4.10
2025-03-11 14:57:30,25.48,32.02,4.05,11.47,18.03,15.10,15.56,26.27,24.92,5.0,4.00,20.00,29.91,24.20,4.28
2025-03-11 14:57:31,25.48,32.00,3.94,11.36,17.95,15.00,15.47,26.08,24.92,5.0,4.00,20.00,29.88,24.20,4.13
2025-03-11 14:57:33,25.48,31.94,3.86,11.26,17.88,14.92,15.38,26.22,24.92,5.0,4.00,20.00,29.92,24.20,4.18
2025-03-11 14:57:35,25.48,32.10,3.76,11.14,17.80,14.81,15.27,26.22,24.92,5.0,4.00,20.00,29.87,24.20,4.20
2025-03-11 14:57:37,25.48,32.24,3.67,11.02,17.71,14.72,15.18,26.08,24.91,5.0,4.00,20.00,29.84,24.20,4.05
2025-03-11 14:57:39,25.48,32.19,3.58,10.93,17.64,14.63,15.10,26.04,24.93,5.0,4.00,20.00,29.85,24.20,3.93
2025-03-11 14:57:41,25.48,32.31,3.49,10.84,17.58,14.55,15.02,26.13,24.93,5.0,4.00,20.00,29.85,24.20,3.90
2025-03-11 14:57:43,25.49,32.28,3.39,10.72,17.49,14.44,14.90,26.09,24.92,5.0,4.00,20.00,29.86,24.20,3.84
2025-03-11 14:57:45,25.49,32.22,3.30,10.62,17.42,14.37,14.82,26.07,24.90,5.0,4.00,20.00,29.84,24.20,3.75
2025-03-11 14:57:47,25.49,32.14,3.23,10.52,17.34,14.27,14.73,26.12,24.89,5.0,4.00,20.00,29.82,24.20,3.77
2025-03-11 14:57:49,25.49,32.14,3.13,10.41,17.26,14.18,14.64,26.12,24.90,5.0,4.00,20.00,29.81,24.20,3.90
2025-03-11 14:57:51,25.49,32.16,3.04,10.31,17.19,14.10,14.56,26.28,24.91,5.0,4.00,20.00,29.85,24.20,3.90
2025-03-11 14:57:52,25.49,32.08,2.96,10.22,17.12,14.00,14.47,26.02,24.90,5.0,4.00,20.00,29.79,24.20,3.80
2025-03-11 14:57:54,25.49,32.08,2.86,10.11,17.04,13.91,14.37,26.24,24.90,5.0,4.00,20.00,29.79,24.20,3.70
2025-03-11 14:57:56,25.49,31.96,2.78,10.01,16.97,13.83,14.28,26.46,24.90,5.0,4.00,20.00,29.84,24.10,3.60
2025-03-11 14:57:58,25.49,31.76,2.68,9.90,16.89,13.73,14.19,26.19,24.90,5.0,4.00,20.00,29.76,24.10,3.60
2025-03-11 14:58:00,25.49,31.91,2.61,9.82,16.83,13.65,14.12,26.24,24.90,5.0,4.00,20.00,29.75,24.20,3.79
2025-03-11 14:58:02,25.49,31.94,2.53,9.70,16.75,13.57,14.03,26.02,24.89,5.0,4.00,20.00,29.79,24.20,3.61
2025-03-11 14:58:04,25.49,31.92,2.44,9.61,16.68,13.48,13.93,26.34,24.88,5.0,4.00,20.00,29.74,24.20,3.60
2025-03-11 14:58:06,25.49,31.90,2.35,9.51,16.60,13.39,13.85,26.26,24.87,5.0,4.00,20.00,29.72,24.11,3.69
2025-03-11 14:58:08,25.49,31.93,2.26,9.42,16.52,13.30,13.76,26.07,24.86,5.0,4.00,20.00,29.77,24.19,3.70
2025-03-11 14:58:10,25.49,31.80,2.17,9.30,16.45,13.22,13.67,26.10,24.85,5.0,4.00,20.00,29.72,24.11,3.70
2025-03-11 14:58:12,25.49,31.96,2.09,9.22,16.38,13.14,13.59,26.02,24.86,5.0,4.00,20.00,29.71,24.10,3.53
2025-03-11 14:58:13,25.49,31.97,2.01,9.11,16.30,13.05,13.51,25.94,24.87,5.0,4.00,20.00,29.70,24.10,3.42
2025-03-11 14:58:15,25.49,31.81,1.93,9.03,16.24,12.97,13.41,25.99,24.87,5.0,4.00,20.00,29.69,24.10,3.40
2025-03-11 14:58:17,25.49,31.63,1.83,8.93,16.17,12.88,13.33,25.86,24.88,5.0,4.00,20.00,29.70,24.10,3.33
2025-03-11 14:58:19,25.49,31.60,1.76,8.83,16.09,12.80,13.24,25.82,24.89,5.0,4.00,20.00,29.67,24.17,3.30
2025-03-11 14:58:21,25.50,31.47,1.67,8.73,16.01,12.71,13.16,25.84,24.89,5.0,4.00,20.00,29.70,24.14,3.36
2025-03-11 14:58:23,25.50,31.68,1.59,8.65,15.95,12.63,13.09,25.89,24.90,5.0,4.00,20.00,29.65,24.10,3.40
2025-03-11 14:58:25,25.50,31.73,1.53,8.57,15.89,12.56,13.02,26.19,24.91,5.0,4.00,20.00,29.64,24.10,3.40
2025-03-11 14:58:27,25.50,31.71,1.44,8.47,15.82,12.48,12.93,26.28,24.91,5.0,4.00,20.00,29.64,24.10,3.40
2025-03-11 14:58:29,25.50,31.64,1.36,8.36,15.74,12.39,12.84,26.30,24.89,5.0,4.00,20.00,29.63,24.10,3.40
2025-03-11 14:58:31,25.50,31.55,1.28,8.27,15.68,12.30,12.76,26.17,24.89,5.0,4.00,20.00,29.64,24.10,3.40
2025-03-11 14:58:32,25.50,31.54,1.18,8.17,15.59,12.21,12.67,25.95,24.88,5.0,4.00,20.00,29.62,24.20,3.40
2025-03-11 14:58:34,25.50,31.44,1.10,8.08,15.52,12.13,12.59,25.94,24.89,5.0,4.00,20.00,29.61,24.10,3.40
2025-03-11 14:58:36,25.50,31.28,1.04,7.98,15.46,12.06,12.51,25.85,24.89,5.0,4.00,20.00,29.65,24.10,3.30
2025-03-11 14:58:38,25.50,31.32,0.95,7.90,15.39,11.97,12.43,26.10,24.89,5.0,4.00,20.00,29.60,24.10,3.30
2025-03-11 14:58:40,25.50,31.05,0.87,7.80,15.31,11.89,12.35,26.07,24.88,5.0,4.00,20.00,29.59,24.10,3.30
2025-03-11 14:58:42,25.50,31.15,0.79,7.71,15.25,11.81,12.26,26.01,24.88,5.0,4.00,20.00,29.63,24.10,3.30
2025-03-11 14:58:44,25.50,31.04,0.72,7.63,15.18,11.74,12.19,26.19,24.89,5.0,4.00,20.00,29.58,24.10,3.30
2025-03-11 14:58:46,25.50,30.74,0.64,7.54,15.11,11.65,12.11,26.08,24.89,5.0,4.00,20.00,29.58,24.10,3.39
2025-03-11 14:58:48,25.50,31.09,0.57,7.45,15.06,11.58,12.04,26.11,24.89,5.0,4.00,20.00,29.56,24.10,3.40
2025-03-11 14:58:50,25.50,30.99,0.49,7.37,14.99,11.51,11.96,26.16,24.90,5.0,4.00,20.00,29.61,24.10,3.40
2025-03-11 14:58:52,25.50,30.97,0.43,7.29,14.93,11.43,11.89,26.25,24.91,5.0,4.00,20.00,29.56,24.10,3.40
2025-03-11 14:58:53,25.50,31.03,0.34,7.20,14.85,11.34,11.80,26.04,24.90,5.0,4.00,20.00,29.56,24.10,3.40
2025-03-11 14:58:55,25.50,30.83,0.26,7.11,14.79,11.27,11.73,26.16,24.92,5.0,4.00,20.00,29.54,24.10,3.40
2025-03-11 14:58:57,25.50,30.77,0.20,7.02,14.71,11.19,11.64,26.00,24.92,5.0,4.00,20.00,29.53,24.10,3.40
2025-03-11 14:58:59,25.50,31.00,0.12,6.93,14.64,11.10,11.56,25.87,24.92,5.0,4.00,20.00,29.56,24.10,3.46
2025-03-11 14:59:01,25.51,30.89,0.04,6.84,14.58,11.02,11.48,25.72,24.91,5.0,4.00,20.00,29.51,24.10,3.50
2025-03-11 14:59:03,25.51,31.20,-0.04,6.76,14.51,10.96,11.41,26.01,24.92,5.0,4.00,20.00,29.55,24.06,3.46
2025-03-11 14:59:05,25.51,31.25,-0.11,6.67,14.45,10.88,11.33,25.86,24.91,5.0,4.00,20.00,29.51,24.03,3.43
2025-03-11 14:59:07,25.51,31.43,-0.18,6.59,14.38,10.81,11.25,26.00,24.93,5.0,4.00,20.00,29.50,24.10,3.51
2025-03-11 14:59:09,25.51,30.86,-0.25,6.51,14.31,10.73,11.18,25.99,24.93,5.0,4.00,20.00,29.49,24.10,3.70
2025-03-11 14:59:11,25.51,30.85,-0.33,6.42,14.25,10.67,11.11,26.04,24.93,5.0,4.00,20.00,29.48,24.00,3.70
2025-03-11 14:59:13,25.51,31.04,-0.40,6.34,14.18,10.58,11.03,26.09,24.92,5.0,4.00,20.00,29.53,24.10,3.70
2025-03-11 14:59:14,25.51,31.03,-0.47,6.26,14.12,10.51,10.95,25.93,24.91,5.0,4.00,20.00,29.47,24.10,3.80
2025-03-11 14:59:16,25.51,31.14,-0.55,6.17,14.05,10.44,10.89,26.05,24.91,5.0,4.00,20.00,29.48,24.00,3.90
2025-03-11 14:59:18,25.51,31.15,-0.63,6.08,13.99,10.35,10.80,25.78,24.91,5.0,4.00,20.00,29.47,24.00,3.90
2025-03-11 14:59:20,25.51,31.10,-0.69,6.01,13.92,10.29,10.73,26.00,24.91,5.0,4.00,20.00,29.46,24.00,3.90
2025-03-11 14:59:22,25.51,31.11,-0.76,5.92,13.85,10.20,10.65,26.02,24.91,5.0,4.00,20.00,29.50,24.00,3.90
2025-03-11 14:59:24,25.51,31.06,-0.85,5.83,13.79,10.13,10.58,25.77,24.90,5.0,4.00,20.00,29.45,24.00,3.81
2025-03-11 14:59:26,25.51,31.03,-0.91,5.75,13.73,10.05,10.51,25.89,24.89,5.0,4.00,20.00,29.44,24.00,3.80
2025-03-11 14:59:28,25.51,30.91,-0.98,5.67,13.65,9.98,10.43,25.93,24.89,5.0,4.00,20.00,29.44,24.00,3.71
2025-03-11 14:59:30,25.51,30.74,-1.06,5.59,13.59,9.90,10.36,25.91,24.88,5.0,4.00,20.00,29.45,24.00,3.62
2025-03-11 14:59:32,25.51,30.93,-1.14,5.51,13.54,9.83,10.28,25.99,24.87,5.0,4.00,20.00,29.44,24.00,3.44
2025-03-11 14:59:34,25.51,31.08,-1.20,5.43,13.47,9.77,10.22,26.11,24.88,5.0,4.00,20.00,29.43,24.00,3.33
2025-03-11 14:59:35,25.51,31.14,-1.26,5.36,13.42,9.70,10.15,26.09,24.89,5.0,4.00,20.00,29.42,24.00,3.30
2025-03-11 14:59:37,25.51,31.00,-1.34,5.27,13.34,9.62,10.06,25.86,24.88,5.0,4.00,20.00,29.41,24.00,3.30
2025-03-11 14:59:39,25.52,31.03,-1.38,5.19,13.28,9.56,10.00,26.14,24.89,5.0,3.89,20.00,29.40,24.00,3.25
2025-03-11 14:59:41,25.52,30.79,-1.44,5.12,13.22,9.48,9.93,25.94,24.89,5.0,3.89,20.00,29.42,24.00,3.36
2025-03-11 14:59:43,25.52,30.89,-1.49,5.05,13.16,9.42,9.86,26.17,24.90,5.0,3.68,20.00,29.40,24.00,3.57
2025-03-11 14:59:45,25.52,30.94,-1.53,4.97,13.10,9.34,9.79,26.12,24.89,5.0,3.68,20.00,29.43,24.00,3.54
2025-03-11 14:59:47,25.52,30.92,-1.57,4.88,13.03,9.27,9.72,25.87,24.88,5.0,3.68,20.00,29.40,24.00,3.89
2025-03-11 14:59:49,25.52,30.82,-1.61,4.81,12.98,9.21,9.65,25.92,24.87,5.0,3.48,20.00,29.38,24.00,4.29
2025-03-11 14:59:51,25.52,30.88,-1.63,4.73,12.91,9.13,9.58,25.99,24.88,5.0,3.48,20.00,29.37,24.00,4.11
2025-03-11 14:59:53,25.52,30.73,-1.65,4.67,12.87,9.07,9.50,25.70,24.87,5.0,3.48,20.00,29.35,24.00,4.00
2025-03-11 14:59:55,25.52,30.67,-1.67,4.58,12.80,9.00,9.44,25.78,24.87,5.0,3.35,20.00,29.35,23.90,4.38
2025-03-11 14:59:56,25.52,30.65,-1.70,4.49,12.72,8.92,9.37,25.74,24.85,5.0,3.35,20.00,29.36,23.99,4.21
2025-03-11 14:59:58,25.52,30.62,-1.70,4.44,12.67,8.85,9.30,25.88,24.85,5.0,3.35,20.00,29.40,24.00,4.11
2025-03-11 15:00:00,25.52,30.56,-1.73,4.36,12.61,8.79,9.24,26.07,24.85,5.0,3.10,20.00,29.35,23.91,3.92
2025-03-11 15:00:02,25.52,30.45,-1.72,4.29,12.56,8.71,9.17,25.99,24.84,5.0,3.10,20.00,29.34,23.90,3.81
2025-03-11 15:00:04,25.52,30.20,-1.71,4.22,12.51,8.66,9.10,26.04,24.85,5.0,3.10,20.00,29.33,23.90,3.62
2025-03-11 15:00:06,25.52,30.19,-1.72,4.15,12.43,8.59,9.03,25.92,24.85,5.0,2.91,20.00,29.33,23.90,3.51
2025-03-11 15:00:08,25.52,30.14,-1.69,4.08,12.39,8.53,8.98,26.02,24.85,5.0,2.91,20.00,29.32,23.90,3.34
2025-03-11 15:00:10,25.52,29.86,-1.69,4.01,12.32,8.45,8.90,25.64,24.86,5.0,2.91,20.00,29.35,23.90,3.30
2025-03-11 15:00:12,25.52,29.78,-1.69,3.95,12.28,8.41,8.85,25.93,24.88,5.0,2.91,20.00,29.34,23.90,3.23
2025-03-11 15:00:14,25.52,29.70,-1.64,3.89,12.22,8.35,8.79,26.03,24.89,5.0,2.71,20.00,29.31,23.90,3.20
2025-03-11 15:00:15,25.52,29.60,-1.62,3.82,12.17,8.29,8.72,26.04,24.90,5.0,2.71,20.00,29.32,23.90,3.20
2025-03-11 15:00:17,25.52,29.43,-1.62,3.73,12.09,8.21,8.65,25.98,24.90,5.0,2.53,20.00,29.29,23.90,3.20
2025-03-11 15:00:19,25.53,29.34,-1.58,3.68,12.04,8.13,8.58,26.02,24.90,5.0,2.53,20.00,29.29,23.90,3.20
2025-03-11 15:00:21,25.53,29.14,-1.56,3.62,11.98,8.08,8.52,25.84,24.90,5.0,2.53,20.00,29.30,23.90,3.17
2025-03-11 15:00:23,25.53,29.22,-1.54,3.54,11.91,8.01,8.45,25.80,24.89,5.0,2.53,20.00,29.29,23.89,3.09
2025-03-11 15:00:25,25.53,28.92,-1.48,3.49,11.87,7.96,8.40,26.01,24.90,5.0,2.29,20.00,29.31,23.80,3.00
2025-03-11 15:00:27,25.53,29.05,-1.44,3.43,11.81,7.89,8.33,25.89,24.89,5.0,2.29,20.00,29.28,23.90,3.00
2025-03-11 15:00:29,25.53,28.58,-1.39,3.38,11.75,7.83,8.27,25.91,24.89,5.0,2.29,20.00,29.27,23.80,2.90
2025-03-11 15:00:31,25.53,28.30,-1.33,3.32,11.70,7.77,8.20,25.72,24.89,5.0,2.08,20.00,29.26,23.80,2.90
2025-03-11 15:00:33,25.53,28.34,-1.29,3.26,11.63,7.70,8.14,25.67,24.88,5.0,2.08,20.00,29.25,23.80,2.90
2025-03-11 15:00:35,25.53,28.16,-1.23,3.20,11.59,7.65,8.08,25.67,24.89,5.0,2.08,20.00,29.29,23.80,2.90
2025-03-11 15:00:36,25.53,28.14,-1.15,3.16,11.54,7.60,8.03,25.83,24.90,5.0,1.89,20.00,29.25,23.80,2.99
2025-03-11 15:00:38,25.53,28.08,-1.07,3.12,11.50,7.55,7.99,26.20,24.91,5.0,1.89,20.00,29.24,23.80,3.00
2025-03-11 15:00:40,25.53,27.90,-1.02,3.07,11.44,7.50,7.93,26.03,24.91,5.0,1.74,20.00,29.24,23.80,3.00
2025-03-11 15:00:42,25.53,27.81,-0.94,3.04,11.39,7.44,7.88,25.88,24.90,5.0,1.74,20.00,29.24,23.80,3.00
2025-03-11 15:00:44,25.53,27.65,-0.89,2.98,11.34,7.40,7.82,25.76,24.90,5.0,1.74,20.00,29.22,23.80,3.00
2025-03-11 15:00:46,25.53,27.47,-0.83,2.94,11.29,7.34,7.77,25.83,24.90,5.0,1.53,20.00,29.27,23.80,3.08
2025-03-11 15:00:48,25.53,27.74,-0.73,2.88,11.23,7.28,7.72,25.75,24.88,5.0,1.53,20.00,29.22,23.72,3.18
2025-03-11 15:00:50,25.53,27.54,-0.65,2.86,11.20,7.24,7.67,25.92,24.89,5.0,1.53,20.00,29.22,23.77,3.13
2025-03-11 15:00:52,25.53,27.47,-0.56,2.83,11.15,7.20,7.64,25.99,24.89,5.0,1.37,20.00,29.21,23.80,3.10
2025-03-11 15:00:54,25.53,26.99,-0.47,2.79,11.09,7.15,7.58,25.79,24.88,5.0,1.37,20.00,29.21,23.80,3.04
2025-03-11 15:00:56,25.53,26.99,-0.39,2.74,11.05,7.10,7.54,26.03,24.88,5.0,1.37,20.00,29.22,23.75,3.05
2025-03-11 15:00:57,25.53,26.85,-0.32,2.72,11.00,7.06,7.49,25.81,24.87,5.0,1.37,20.00,29.20,23.70,3.23
2025-03-11 15:00:59,25.54,26.79,-0.20,2.70,10.95,7.01,7.43,25.85,24.87,5.0,1.16,20.00,29.23,23.70,3.34
2025-03-11 15:01:01,25.54,26.60,-0.11,2.66,10.91,6.96,7.39,25.64,24.85,5.0,1.16,20.00,29.19,23.70,3.19
2025-03-11 15:01:03,25.54,26.12,-0.01,2.63,10.86,6.93,7.35,25.84,24.86,5.0,1.16,20.00,29.20,23.70,3.10
2025-03-11 15:01:05,25.54,25.72,0.10,2.61,10.82,6.88,7.30,25.87,24.86,5.0,1.06,20.00,29.18,23.70,3.00
2025-03-11 15:01:07,25.54,26.10,0.19,2.59,10.78,6.84,7.26,25.64,24.86,5.0,1.06,20.00,29.17,23.70,3.00
2025-03-11 15:01:09,25.54,26.01,0.28,2.57,10.72,6.81,7.23,25.96,24.86,5.0,1.06,20.00,29.18,23.70,3.10
2025-03-11 15:01:11,25.54,25.94,0.40,2.56,10.70,6.77,7.20,25.84,24.86,5.0,0.90,20.00,29.22,23.70,3.00
2025-03-11 15:01:13,25.54,25.90,0.51,2.55,10.66,6.74,7.16,25.77,24.84,5.0,0.90,20.00,29.17,23.61,2.91
2025-03-11 15:01:15,25.54,25.81,0.59,2.54,10.62,6.71,7.13,25.91,24.84,5.0,0.90,20.00,29.17,23.69,2.90
2025-03-11 15:01:17,25.54,25.67,0.71,2.53,10.59,6.68,7.10,25.96,24.85,5.0,0.80,20.00,29.16,23.70,2.90
2025-03-11 15:01:18,25.54,25.55,0.82,2.53,10.55,6.65,7.08,25.83,24.83,5.0,0.80,20.00,29.16,23.61,2.81
2025-03-11 15:01:20,25.54,25.36,0.91,2.51,10.51,6.63,7.04,25.55,24.83,5.0,0.80,20.00,29.21,23.69,2.80
2025-03-11 15:01:22,25.54,25.27,1.01,2.50,10.47,6.60,7.00,25.68,24.83,5.0,0.70,20.00,29.16,23.61,2.71
2025-03-11 15:01:24,25.54,25.25,1.13,2.52,10.45,6.59,7.00,25.81,24.83,5.0,0.70,20.00,29.17,23.60,2.78
2025-03-11 15:01:26,25.54,25.13,1.21,2.51,10.41,6.56,6.97,25.88,24.83,5.0,0.59,20.00,29.15,23.60,2.96
2025-03-11 15:01:28,25.54,24.98,1.34,2.53,10.38,6.54,6.95,25.62,24.82,5.0,0.59,20.00,29.16,23.60,2.92
2025-03-11 15:01:30,25.54,24.94,1.45,2.54,10.36,6.53,6.95,26.05,24.83,5.0,0.59,20.00,29.15,23.60,2.90
2025-03-11 15:01:32,25.54,24.85,1.55,2.54,10.33,6.51,6.92,25.82,24.83,5.0,0.54,20.00,29.18,23.60,2.90
2025-03-11 15:01:34,25.54,24.77,1.66,2.55,10.30,6.49,6.91,25.93,24.83,5.0,0.54,20.00,29.14,23.60,2.90
2025-03-11 15:01:36,25.54,24.56,1.75,2.56,10.28,6.48,6.89,25.91,24.82,5.0,0.54,20.00,29.17,23.60,2.90
2025-03-11 15:01:37,25.54,24.43,1.85,2.58,10.26,6.47,6.88,26.14,24.83,5.0,0.44,20.00,29.14,23.57,2.87
2025-03-11 15:01:39,25.54,24.26,1.96,2.60,10.22,6.45,6.86,25.86,24.82,5.0,0.44,20.00,29.14,23.50,2.80
2025-03-11 15:01:41,25.55,24.10,2.07,2.61,10.21,6.44,6.85,25.95,24.83,5.0,0.44,20.00,29.14,23.50,2.80
2025-03-11 15:01:43,25.55,23.70,2.17,2.64,10.19,6.45,6.85,25.97,24.83,5.0,0.44,20.00,29.13,23.50,2.70
2025-03-11 15:01:45,25.55,24.01,2.28,2.65,10.17,6.44,6.85,25.88,24.83,5.0,0.42,20.00,29.13,23.60,2.80
2025-03-11 15:01:47,25.55,23.88,2.36,2.69,10.15,6.43,6.84,25.79,24.83,5.0,0.42,20.00,29.13,23.50,2.70
2025-03-11 15:01:49,25.55,23.99,2.46,2.72,10.14,6.44,6.84,26.16,24.83,5.0,0.42,20.00,29.14,23.50,2.70
2025-03-11 15:01:51,25.55,23.92,2.54,2.74,10.12,6.44,6.84,26.01,24.84,5.0,0.42,20.00,29.17,23.50,2.89
2025-03-11 15:01:53,25.55,24.03,2.62,2.75,10.09,6.43,6.81,25.81,24.84,5.0,0.42,20.00,29.13,23.50,2.81
2025-03-11 15:01:55,25.55,23.97,2.70,2.78,10.07,6.43,6.82,25.72,24.85,5.0,0.42,20.00,29.12,23.50,2.80
2025-03-11 15:01:57,25.55,23.68,2.80,2.82,10.06,6.43,6.82,25.88,24.85,5.0,0.33,20.00,29.11,23.50,2.80
2025-03-11 15:01:58,25.55,23.32,2.91,2.86,10.05,6.45,6.83,25.90,24.85,5.0,0.33,20.00,29.12,23.50,2.80
2025-03-11 15:02:00,25.55,23.86,2.99,2.89,10.04,6.45,6.83,25.90,24.85,5.0,0.33,20.00,29.13,23.50,2.80
2025-03-11 15:02:02,25.55,23.78,3.04,2.93,10.03,6.45,6.84,25.97,24.86,5.0,0.48,20.00,29.15,23.50,2.88
2025-03-11 15:02:04,25.55,23.87,3.09,2.96,10.01,6.46,6.85,26.15,24.88,5.0,0.48,20.00,29.12,23.50,3.06
2025-03-11 15:02:06,25.55,24.05,3.15,3.00,10.01,6.47,6.86,25.90,24.87,5.0,0.48,20.00,29.12,23.50,3.17
2025-03-11 15:02:08,25.55,23.85,3.26,3.05,10.01,6.48,6.87,26.17,24.88,5.0,0.31,20.00,29.11,23.43,3.20
2025-03-11 15:02:10,25.55,24.07,3.33,3.08,9.99,6.49,6.87,25.90,24.87,5.0,0.31,20.00,29.12,23.40,3.33
2025-03-11 15:02:12,25.55,24.04,3.43,3.12,9.99,6.50,6.88,26.02,24.86,5.0,0.40,20.00,29.13,23.40,3.34
2025-03-11 15:02:14,25.55,24.06,3.48,3.16,9.98,6.51,6.90,25.85,24.86,5.0,0.40,20.00,29.11,23.40,3.30
2025-03-11 15:02:16,25.55,24.07,3.54,3.20,9.97,6.53,6.90,25.79,24.86,5.0,0.40,20.00,29.14,23.40,3.27
2025-03-11 15:02:18,25.55,24.00,3.60,3.25,9.97,6.54,6.92,25.77,24.87,5.0,0.40,20.00,29.11,23.40,3.18
2025-03-11 15:02:19,25.55,23.98,3.66,3.29,9.98,6.56,6.93,25.67,24.88,5.0,0.41,20.00,29.11,23.40,3.10
2025-03-11 15:02:21,25.55,23.95,3.71,3.33,9.96,6.57,6.95,25.63,24.87,5.0,0.41,20.00,29.10,23.40,3.00
2025-03-11 15:02:23,25.55,24.03,3.79,3.39,9.97,6.60,6.97,25.69,24.87,5.0,0.41,20.00,29.11,23.30,3.00
2025-03-11 15:02:25,25.56,24.03,3.80,3.44,9.97,6.62,6.99,25.79,24.86,5.0,0.61,20.00,29.15,23.30,2.90
2025-03-11 15:02:27,25.56,24.06,3.82,3.48,9.98,6.64,7.01,25.80,24.86,5.0,0.61,20.00,29.11,23.40,2.90
2025-03-11 15:02:29,25.56,23.97,3.84,3.53,9.97,6.67,7.04,25.97,24.86,5.0,0.61,20.00,29.11,23.30,2.80
2025-03-11 15:02:31,25.56,24.05,3.91,3.57,9.97,6.70,7.05,25.94,24.85,5.0,0.43,20.00,29.11,23.30,2.71
2025-03-11 15:02:33,25.56,24.03,3.98,3.62,9.97,6.71,7.07,25.91,24.85,5.0,0.43,20.00,29.10,23.30,2.70
2025-03-11 15:02:35,25.56,23.99,4.04,3.67,9.97,6.74,7.09,25.93,24.84,5.0,0.56,20.00,29.12,23.30,2.79
2025-03-11 15:02:37,25.56,23.92,4.06,3.72,9.97,6.75,7.11,25.86,24.84,5.0,0.56,20.00,29.11,23.30,2.80
2025-03-11 15:02:39,25.56,23.92,4.09,3.77,9.98,6.77,7.13,25.70,24.83,5.0,0.56,20.00,29.15,23.30,2.71
2025-03-11 15:02:40,25.56,23.95,4.13,3.81,9.99,6.80,7.15,25.75,24.83,5.0,0.64,20.00,29.12,23.30,2.62
2025-03-11 15:02:42,25.56,23.83,4.14,3.86,9.99,6.83,7.17,25.78,24.84,5.0,0.64,20.00,29.11,23.30,2.60
2025-03-11 15:02:44,25.56,24.00,4.16,3.90,9.98,6.84,7.20,25.59,24.83,5.0,0.64,20.00,29.13,23.30,2.60
2025-03-11 15:02:46,25.56,23.96,4.19,3.96,10.00,6.88,7.23,26.08,24.84,5.0,0.66,20.00,29.11,23.23,2.53
2025-03-11 15:02:48,25.56,24.02,4.21,4.01,10.01,6.92,7.26,25.98,24.85,5.0,0.66,20.00,29.11,23.20,2.44
2025-03-11 15:02:50,25.56,23.78,4.25,4.05,10.02,6.94,7.28,25.96,24.84,5.0,0.66,20.00,29.10,23.20,2.40
2025-03-11 15:02:52,25.56,23.90,4.27,4.10,10.02,6.96,7.30,25.90,24.84,5.0,0.66,20.00,29.13,23.20,2.40
2025-03-11 15:02:54,25.56,23.76,4.27,4.15,10.03,6.98,7.32,25.87,24.82,5.0,0.77,20.00,29.15,23.20,2.40
2025-03-11 15:02:56,25.56,23.93,4.28,4.20,10.04,7.02,7.35,25.99,24.84,5.0,0.77,20.00,29.12,23.20,2.40
2025-03-11 15:02:58,25.56,23.85,4.29,4.25,10.05,7.05,7.39,26.06,24.83,5.0,0.77,20.00,29.11,23.20,2.40
2025-03-11 15:03:00,25.56,23.86,4.29,4.29,10.06,7.08,7.41,26.17,24.82,5.0,0.85,20.00,29.11,23.20,2.30
2025-03-11 15:03:01,25.56,23.88,4.28,4.33,10.07,7.10,7.43,25.88,24.82,5.0,0.85,20.00,29.13,23.10,2.20
2025-03-11 15:03:03,25.56,23.93,4.30,4.39,10.08,7.13,7.46,25.94,24.82,5.0,0.89,20.00,29.12,23.20,2.30
2025-03-11 15:03:05,25.56,23.97,4.30,4.42,10.10,7.16,7.49,26.05,24.84,5.0,0.89,20.00,29.12,23.10,2.20
2025-03-11 15:03:07,25.56,24.23,4.32,4.49,10.12,7.19,7.53,26.25,24.84,5.0,0.89,20.00,29.15,23.10,2.20
2025-03-11 15:03:09,25.57,23.88,4.32,4.52,10.13,7.23,7.56,26.24,24.85,5.0,1.04,20.00,29.12,23.10,2.20
2025-03-11 15:03:11,25.57,23.74,4.29,4.56,10.14,7.25,7.58,26.07,24.85,5.0,1.04,20.00,29.12,23.10,2.20
2025-03-11 15:03:13,25.57,23.80,4.26,4.61,10.15,7.28,7.61,25.99,24.85,5.0,1.04,20.00,29.17,23.10,2.20
2025-03-11 15:03:15,25.57,23.93,4.26,4.65,10.17,7.32,7.64,26.27,24.85,5.0,1.04,20.00,29.12,23.10,2.29
2025-03-11 15:03:17,25.57,24.07,4.25,4.69,10.17,7.34,7.66,26.14,24.86,5.0,1.05,20.00,29.12,23.01,2.30
2025-03-11 15:03:19,25.57,24.15,4.25,4.73,10.19,7.37,7.69,26.15,24.87,5.0,1.05,20.00,29.12,23.08,2.30
2025-03-11 15:03:20,25.57,24.10,4.25,4.77,10.21,7.40,7.71,26.22,24.88,5.0,1.13,20.00,29.14,23.02,2.30
2025-03-11 15:03:22,25.57,24.18,4.23,4.80,10.21,7.42,7.75,26.18,24.87,5.0,1.13,20.00,29.14,23.00,2.22
2025-03-11 15:03:24,25.57,24.28,4.21,4.84,10.22,7.45,7.76,25.98,24.87,5.0,1.13,20.00,29.12,23.00,2.20
2025-03-11 15:03:26,25.57,24.20,4.20,4.88,10.24,7.47,7.78,26.17,24.88,5.0,1.13,20.00,29.16,23.00,2.20
2025-03-11 15:03:28,25.57,24.24,4.17,4.91,10.24,7.49,7.80,25.80,24.87,5.0,1.19,20.00,29.13,23.00,2.20
2025-03-11 15:03:30,25.57,24.33,4.16,4.94,10.26,7.52,7.83,25.97,24.86,5.0,1.19,20.00,29.14,23.00,2.20
2025-03-11 15:03:32,25.57,24.45,4.14,4.97,10.27,7.54,7.86,26.07,24.87,5.0,1.25,20.00,29.13,23.00,2.24
2025-03-11 15:03:34,25.57,24.41,4.10,5.00,10.27,7.56,7.88,25.83,24.87,5.0,1.25,20.00,29.14,23.00,2.30
2025-03-11 15:03:36,25.57,24.44,4.08,5.03,10.29,7.59,7.90,25.92,24.87,5.0,1.25,20.00,29.15,23.00,2.30
2025-03-11 15:03:38,25.57,24.34,4.08,5.06,10.31,7.61,7.92,25.81,24.88,5.0,1.25,20.00,29.16,22.90,2.30
2025-03-11 15:03:40,25.57,24.57,4.06,5.11,10.31,7.64,7.96,25.89,24.87,5.0,1.31,20.00,29.13,22.90,2.40
2025-03-11 15:03:41,25.57,24.48,4.02,5.12,10.33,7.66,7.96,26.02,24.88,5.0,1.31,20.00,29.14,22.90,2.30
2025-03-11 15:03:43,25.57,24.45,4.02,5.17,10.35,7.69,8.01,26.31,24.89,5.0,1.39,20.00,29.14,22.90,2.40
2025-03-11 15:03:45,25.57,24.77,3.99,5.18,10.36,7.71,8.02,26.20,24.88,5.0,1.39,20.00,29.14,22.90,2.69
2025-03-11 15:03:47,25.57,24.63,3.96,5.21,10.36,7.74,8.04,26.07,24.89,5.0,1.39,20.00,29.18,22.90,3.17
2025-03-11 15:03:49,25.57,24.58,3.93,5.22,10.37,7.75,8.06,26.01,24.88,5.0,1.47,20.00,29.14,22.90,3.48
2025-03-11 15:03:51,25.57,24.75,3.90,5.27,10.40,7.77,8.09,26.10,24.90,5.0,1.47,20.00,29.15,22.90,3.68
2025-03-11 15:03:53,25.57,24.66,3.86,5.28,10.40,7.79,8.09,25.99,24.90,5.0,1.47,20.00,29.13,22.90,3.70
2025-03-11 15:03:55,25.57,24.69,3.83,5.31,10.42,7.81,8.11,26.05,24.90,5.0,1.50,20.00,29.16,22.90,3.61
2025-03-11 15:03:57,25.57,24.79,3.79,5.31,10.41,7.82,8.12,25.87,24.89,5.0,1.50,20.00,29.14,22.82,3.43
2025-03-11 15:03:59,25.58,24.70,3.76,5.33,10.44,7.84,8.14,25.77,24.90,5.0,1.50,20.00,29.16,22.88,3.32
2025-03-11 15:04:01,25.58,24.67,3.73,5.33,10.43,7.85,8.15,25.52,24.90,5.0,1.53,20.00,29.14,22.82,3.15
2025-03-11 15:04:02,25.58,24.87,3.71,5.37,10.44,7.88,8.18,25.89,24.90,5.0,1.53,20.00,29.14,22.80,3.03
2025-03-11 15:04:04,25.58,24.86,3.69,5.39,10.46,7.89,8.19,25.81,24.90,5.0,1.53,20.00,29.18,22.80,2.93
2025-03-11 15:04:06,25.58,24.70,3.66,5.40,10.47,7.91,8.21,26.11,24.90,5.0,1.53,20.00,29.15,22.80,2.84
2025-03-11 15:04:08,25.58,24.82,3.63,5.42,10.49,7.92,8.23,26.48,24.91,5.0,1.61,20.00,29.16,22.80,2.80
2025-03-11 15:04:10,25.58,24.98,3.59,5.43,10.49,7.94,8.23,26.10,24.90,5.0,1.61,20.00,29.15,22.80,2.80
2025-03-11 15:04:12,25.58,24.96,3.56,5.44,10.51,7.95,8.26,26.30,24.91,5.0,1.61,20.00,29.15,22.80,2.80
2025-03-11 15:04:14,25.58,24.90,3.53,5.46,10.52,7.97,8.27,26.20,24.91,5.0,1.63,20.00,29.14,22.80,2.80
2025-03-11 15:04:16,25.58,24.85,3.50,5.46,10.53,7.97,8.28,26.14,24.92,5.0,1.63,20.00,29.20,22.80,2.80
2025-03-11 15:04:18,25.58,24.97,3.49,5.48,10.54,8.00,8.29,26.24,24.93,5.0,1.66,20.00,29.15,22.80,2.80
2025-03-11 15:04:20,25.58,25.05,3.47,5.50,10.55,8.01,8.31,26.30,24.94,5.0,1.66,20.00,29.16,22.70,2.70
2025-03-11 15:04:22,25.58,24.95,3.41,5.49,10.54,8.01,8.31,26.02,24.93,5.0,1.66,20.00,29.14,22.70,2.70
2025-03-11 15:04:23,25.58,25.07,3.40,5.50,10.56,8.02,8.32,26.23,24.95,5.0,1.66,20.00,29.15,22.70,2.60
2025-03-11 15:04:25,25.58,24.80,3.35,5.50,10.56,8.02,8.32,25.91,24.94,5.0,1.70,20.00,29.20,22.70,2.60
2025-03-11 15:04:27,25.58,24.79,3.32,5.51,10.56,8.03,8.33,26.07,24.94,5.0,1.70,20.00,29.17,22.70,2.51
2025-03-11 15:04:29,25.58,24.59,3.29,5.51,10.56,8.04,8.33,25.98,24.94,5.0,1.70,20.00,29.16,22.70,2.50
2025-03-11 15:04:31,25.58,24.61,3.27,5.51,10.57,8.05,8.35,26.00,24.94,5.0,1.73,20.00,29.14,22.70,2.50
2025-03-11 15:04:33,25.58,24.76,3.24,5.52,10.58,8.06,8.36,26.19,24.95,5.0,1.73,20.00,29.15,22.70,2.41
2025-03-11 15:04:35,25.58,25.03,3.20,5.50,10.57,8.05,8.35,25.87,24.94,5.0,1.73,20.00,29.16,22.70,2.49
2025-03-11 15:04:37,25.58,24.73,3.17,5.52,10.58,8.05,8.35,25.99,24.95,5.0,1.74,20.00,29.17,22.70,2.58
2025-03-11 15:04:39,25.58,24.88,3.15,5.51,10.59,8.06,8.37,26.15,24.96,5.0,1.74,20.00,29.16,22.70,2.68
2025-03-11 15:04:41,25.58,24.94,3.13,5.51,10.59,8.07,8.38,26.27,24.98,5.0,1.72,20.00,29.15,22.63,2.63
2025-03-11 15:04:42,25.58,25.29,3.10,5.51,10.59,8.07,8.37,26.37,24.98,5.0,1.72,20.00,29.15,22.60,2.60
2025-03-11 15:04:44,25.58,24.95,3.08,5.51,10.58,8.07,8.37,26.07,24.98,5.0,1.72,20.00,29.18,22.60,2.60
2025-03-11 15:04:46,25.58,24.85,3.05,5.50,10.58,8.06,8.36,25.99,24.97,5.0,1.72,20.00,29.16,22.60,2.75
2025-03-11 15:04:48,25.58,24.79,3.02,5.49,10.59,8.06,8.37,26.07,24.97,5.0,1.77,20.00,29.17,22.60,2.94
2025-03-11 15:04:50,25.59,24.97,3.00,5.50,10.59,8.07,8.36,26.13,24.97,5.0,1.77,20.00,29.15,22.60,3.00
2025-03-11 15:04:52,25.59,25.05,2.98,5.50,10.60,8.08,8.36,25.96,24.98,5.0,1.77,20.00,29.15,22.60,3.00
2025-03-11 15:04:54,25.59,24.78,2.95,5.48,10.59,8.06,8.36,25.98,24.98,5.0,1.77,20.00,29.15,22.60,3.00
2025-03-11 15:04:56,25.59,25.29,2.93,5.48,10.59,8.06,8.35,25.81,24.96,5.0,1.77,20.00,29.19,22.50,3.00
2025-03-11 15:04:58,25.59,25.11,2.90,5.46,10.58,8.05,8.35,25.58,24.95,5.0,1.76,20.00,29.15,22.60,3.00
2025-03-11 15:05:00,25.59,24.97,2.89,5.46,10.59,8.06,8.36,25.82,24.97,5.0,1.76,20.00,29.16,22.60,2.90
2025-03-11 15:05:02,25.59,25.19,2.86,5.44,10.58,8.04,8.35,25.72,24.96,5.0,1.76,20.00,29.15,22.50,2.80
2025-03-11 15:05:03,25.59,24.87,2.84,5.43,10.57,8.04,8.34,25.52,24.96,5.0,1.76,20.00,29.15,22.50,2.71
2025-03-11 15:05:05,25.59,24.72,2.82,5.42,10.56,8.04,8.33,25.49,24.94,5.0,1.71,20.00,29.19,22.50,2.70
2025-03-11 15:05:07,25.59,24.84,2.82,5.42,10.57,8.03,8.34,25.65,24.97,5.0,1.71,20.00,29.16,22.50,2.61
2025-03-11 15:05:09,25.59,25.17,2.81,5.41,10.57,8.03,8.33,25.93,24.97,5.0,1.71,20.00,29.15,22.50,2.69
2025-03-11 15:05:11,25.59,24.58,2.78,5.39,10.57,8.02,8.33,25.69,24.95,5.0,1.75,20.00,29.14,22.50,2.88
2025-03-11 15:05:13,25.59,24.87,2.77,5.39,10.57,8.02,8.32,25.50,24.96,5.0,1.75,20.00,29.19,22.50,2.81
2025-03-11 15:05:15,25.59,25.14,2.75,5.38,10.55,8.02,8.32,25.73,24.97,5.0,1.73,20.00,29.14,22.50,2.80
2025-03-11 15:05:17,25.59,25.02,2.74,5.37,10.56,8.02,8.30,25.60,24.97,5.0,1.73,20.00,29.15,22.50,2.88
2025-03-11 15:05:19,25.59,25.05,2.73,5.36,10.56,8.01,8.31,25.69,24.98,5.0,1.73,20.00,29.15,22.50,2.90
2025-03-11 15:05:21,25.59,25.48,2.72,5.36,10.56,8.01,8.31,25.82,24.98,5.0,1.73,20.00,29.18,22.43,2.83
2025-03-11 15:05:23,25.59,25.17,2.71,5.34,10.56,8.00,8.29,25.90,24.98,5.0,1.72,20.00,29.14,22.46,2.80
2025-03-11 15:05:24,25.59,25.14,2.70,5.33,10.55,7.98,8.28,26.02,24.99,5.0,1.72,20.00,29.17,22.45,2.75
2025-03-11 15:05:26,25.59,24.99,2.70,5.33,10.55,7.98,8.29,25.92,25.00,5.0,1.72,20.00,29.14,22.40,2.66
2025-03-11 15:05:28,25.59,24.90,2.67,5.31,10.53,7.97,8.27,25.70,24.98,5.0,1.71,20.00,29.15,22.40,2.60
2025-03-11 15:05:30,25.59,24.95,2.67,5.29,10.54,7.96,8.27,25.86,25.00,5.0,1.71,20.00,29.14,22.40,2.59
2025-03-11 15:05:32,25.59,25.16,2.66,5.28,10.52,7.95,8.25,25.74,24.99,5.0,1.71,20.00,29.19,22.40,2.50
2025-03-11 15:05:34,25.59,25.41,2.66,5.27,10.52,7.94,8.25,25.80,24.99,5.0,1.68,20.00,29.15,22.40,2.50
2025-03-11 15:05:36,25.59,25.46,2.65,5.25,10.50,7.93,8.23,25.60,24.98,5.0,1.68,20.00,29.14,22.40,2.50
2025-03-11 15:05:38,25.59,24.95,2.65,5.24,10.51,7.92,8.23,26.01,24.99,5.0,1.66,20.00,29.14,22.40,2.40
2025-03-11 15:05:40,25.59,25.20,2.63,5.23,10.49,7.90,8.20,25.70,24.98,5.0,1.66,20.00,29.15,22.40,2.50
2025-03-11 15:05:42,25.59,25.56,2.63,5.22,10.49,7.90,8.21,25.82,24.98,5.0,1.66,20.00,29.14,22.40,2.50
2025-03-11 15:05:44,25.59,25.57,2.63,5.21,10.49,7.89,8.20,25.79,24.98,5.0,1.66,20.00,29.14,22.31,2.41
2025-03-11 15:05:45,25.59,25.44,2.63,5.19,10.48,7.88,8.18,25.65,24.98,5.0,1.66,20.00,29.19,22.30,2.68
2025-03-11 15:05:47,25.60,25.56,2.62,5.18,10.46,7.86,8.17,25.57,24.97,5.0,1.66,20.00,29.14,22.30,2.70
2025-03-11 15:05:49,25.60,25.47,2.62,5.16,10.46,7.86,8.16,25.84,24.97,5.0,1.66,20.00,29.13,22.39,2.70
2025-03-11 15:05:51,25.60,25.50,2.63,5.16,10.46,7.85,8.16,25.75,24.97,5.0,1.57,20.00,29.14,22.31,2.61
2025-03-11 15:05:53,25.60,25.38,2.63,5.14,10.44,7.83,8.13,25.53,24.97,5.0,1.57,20.00,29.15,22.30,2.52
2025-03-11 15:05:55,25.60,25.54,2.64,5.14,10.44,7.83,8.13,25.71,24.98,5.0,1.63,20.00,29.15,22.30,2.50
2025-03-11 15:05:57,25.60,25.65,2.63,5.13,10.44,7.82,8.12,25.63,24.99,5.0,1.63,20.00,29.13,22.30,2.43
2025-03-11 15:05:59,25.60,25.37,2.62,5.10,10.42,7.82,8.13,25.78,24.99,5.0,1.63,20.00,29.15,22.30,2.54
2025-03-11 15:06:01,25.60,25.31,2.62,5.10,10.42,7.79,8.11,25.77,25.00,5.0,1.63,20.00,29.14,22.30,2.78
2025-03-11 15:06:03,25.60,25.54,2.62,5.08,10.40,7.78,8.10,25.62,24.99,5.0,1.57,20.00,29.15,22.30,2.95
2025-03-11 15:06:05,25.60,25.60,2.63,5.09,10.41,7.79,8.10,25.76,25.00,30.0,1.57,20.00,29.13,22.30,3.00
2025-03-11 15:06:06,25.60,25.71,2.63,5.08,10.40,7.78,8.08,25.79,25.00,30.0,1.57,20.00,29.13,22.27,2.97
2025-03-11 15:06:08,25.60,25.52,4.09,5.06,10.39,7.77,8.08,25.68,25.01,30.0,4.00,20.00,29.12,22.21,2.92
2025-03-11 15:06:10,25.60,24.77,5.58,5.05,10.39,7.77,8.08,25.97,25.02,30.0,4.00,20.00,29.16,22.30,3.10
2025-03-11 15:06:12,25.60,24.27,6.69,5.05,10.38,7.77,8.07,25.77,25.02,30.0,4.00,20.00,29.11,22.30,3.10
2025-03-11 15:06:14,25.60,23.84,7.69,5.03,10.37,7.73,8.06,25.86,25.02,30.0,4.00,20.00,29.12,22.30,3.20
2025-03-11 15:06:16,25.60,23.46,8.61,5.03,10.36,7.74,8.04,25.91,25.01,30.0,4.00,20.00,29.12,22.20,3.10
2025-03-11 15:06:18,25.60,23.08,9.48,5.01,10.35,7.72,8.03,25.69,25.00,30.0,4.00,20.00,29.16,22.20,3.00
2025-03-11 15:06:20,25.60,22.79,10.32,5.00,10.34,7.71,8.02,25.84,24.99,30.0,4.00,20.00,29.12,22.20,2.91
2025-03-11 15:06:22,25.60,22.49,11.10,5.01,10.34,7.71,8.02,25.74,24.98,30.0,4.00,20.00,29.12,22.20,2.81
2025-03-11 15:06:24,25.60,22.19,11.84,5.01,10.32,7.70,8.01,25.62,24.98,30.0,4.00,20.00,29.15,22.20,2.80
2025-03-11 15:06:25,25.60,21.93,12.56,5.03,10.32,7.71,8.00,25.78,24.99,30.0,4.00,20.00,29.11,22.20,2.89
2025-03-11 15:06:27,25.60,21.69,13.24,5.06,10.31,7.69,8.00,25.81,24.99,30.0,4.00,20.00,29.11,22.20,2.81
2025-03-11 15:06:29,25.60,21.48,13.91,5.11,10.31,7.69,8.00,25.65,24.99,30.0,4.00,20.00,29.14,22.20,2.80
2025-03-11 15:06:31,25.60,21.28,14.55,5.17,10.31,7.70,8.01,25.75,25.01,30.0,4.00,20.00,29.11,22.20,2.97
2025-03-11 15:06:33,25.60,21.08,15.16,5.25,10.30,7.71,8.03,26.00,25.01,30.0,4.00,20.00,29.11,22.12,2.92
2025-03-11 15:06:35,25.60,20.90,15.77,5.32,10.31,7.73,8.04,25.93,25.02,30.0,4.00,20.00,29.11,22.17,3.12
2025-03-11 15:06:37,25.60,20.74,16.34,5.42,10.31,7.75,8.06,25.75,25.00,30.0,4.00,20.00,29.14,22.20,3.27
2025-03-11 15:06:39,25.60,20.56,16.90,5.51,10.31,7.77,8.09,25.60,25.00,30.0,4.00,20.00,29.12,22.14,3.54
2025-03-11 15:06:41,25.60,20.45,17.45,5.65,10.32,7.81,8.12,25.70,25.01,30.0,4.00,20.00,29.12,22.10,3.70
2025-03-11 15:06:43,25.60,20.35,17.99,5.78,10.33,7.85,8.16,25.89,25.00,30.0,4.00,20.00,29.12,22.10,3.62
2025-03-11 15:06:45,25.60,20.25,18.51,5.93,10.34,7.89,8.21,25.84,24.99,30.0,4.00,20.00,29.12,22.10,3.50
2025-03-11 15:06:46,25.60,20.17,19.03,6.09,10.38,7.96,8.27,25.91,25.00,30.0,4.00,20.00,29.12,22.10,3.49
2025-03-11 15:06:48,25.60,20.07,19.53,6.27,10.39,8.01,8.33,25.88,25.00,30.0,4.00,20.00,29.13,22.10,3.40
2025-03-11 15:06:50,25.60,19.98,20.03,6.44,10.43,8.09,8.40,25.96,25.01,30.0,4.00,20.00,29.13,22.10,3.40
2025-03-11 15:06:52,25.60,19.92,20.51,6.65,10.46,8.17,8.49,25.81,25.00,30.0,4.00,20.00,29.13,22.10,3.50
2025-03-11 15:06:54,25.61,19.85,20.97,6.84,10.49,8.25,8.56,25.66,25.00,30.0,4.00,20.00,29.17,22.10,3.31
2025-03-11 15:06:56,25.61,19.80,21.43,7.05,10.53,8.34,8.65,25.61,25.01,30.0,4.00,20.00,29.14,22.10,3.20
2025-03-11 15:06:58,25.61,19.73,21.89,7.28,10.57,8.44,8.76,25.66,25.01,30.0,4.00,20.00,29.14,22.10,3.30
2025-03-11 15:07:00,25.61,19.68,22.35,7.52,10.63,8.57,8.87,25.88,25.03,30.0,4.00,20.00,29.15,22.01,3.58
2025-03-11 15:07:02,25.61,19.61,22.78,7.74,10.68,8.67,8.98,25.72,25.03,30.0,4.00,20.00,29.15,22.09,3.60
2025-03-11 15:07:04,25.61,19.55,23.22,7.98,10.73,8.78,9.09,25.59,25.02,30.0,4.00,20.00,29.17,22.01,3.33
2025-03-11 15:07:06,25.61,19.53,23.66,8.24,10.81,8.92,9.22,25.95,25.04,30.0,4.00,20.00,29.17,22.00,3.21
2025-03-11 15:07:07,25.61,19.49,24.07,8.49,10.87,9.05,9.34,25.54,25.04,30.0,4.00,20.00,29.17,22.00,3.11
2025-03-11 15:07:09,25.61,19.46,24.50,8.74,10.93,9.17,9.47,25.34,25.03,30.0,4.00,20.00,29.18,22.00,3.02
2025-03-11 15:07:11,25.61,19.45,24.91,9.02,11.01,9.33,9.63,25.49,25.03,30.0,4.00,20.00,29.20,22.00,2.92
2025-03-11 15:07:13,25.61,19.42,25.33,9.28,11.08,9.48,9.77,25.47,25.01,30.0,4.00,20.00,29.20,22.00,2.90
2025-03-11 15:07:15,25.61,19.41,25.73,9.56,11.16,9.63,9.93,25.57,25.01,30.0,4.00,20.00,29.20,22.00,2.83
2025-03-11 15:07:17,25.61,19.43,26.14,9.85,11.25,9.79,10.08,25.61,25.02,30.0,4.00,20.00,29.24,22.00,2.80
2025-03-11 15:07:19,25.61,19.41,26.53,10.12,11.34,9.95,10.23,25.54,25.02,30.0,4.00,20.00,29.25,22.00,2.80
2025-03-11 15:07:21,25.61,19.44,26.94,10.41,11.43,10.12,10.39,25.46,25.02,30.0,4.00,20.00,29.24,21.96,2.76
2025-03-11 15:07:23,25.61,19.46,27.34,10.71,11.54,10.30,10.57,25.84,25.04,30.0,4.00,20.00,29.25,21.90,2.70
2025-03-11 15:07:25,25.61,19.46,27.73,10.99,11.63,10.48,10.75,25.78,25.04,30.0,4.00,20.00,29.29,21.90,2.70
2025-03-11 15:07:27,25.61,19.48,28.12,11.28,11.73,10.66,10.92,25.78,25.03,30.0,4.00,20.00,29.27,21.90,2.70
2025-03-11 15:07:28,25.61,19.52,28.50,11.58,11.83,10.83,11.10,25.62,25.02,30.0,4.00,20.00,29.27,22.00,2.80
2025-03-11 15:07:30,25.61,19.52,28.88,11.87,11.94,11.02,11.28,25.64,25.02,30.0,4.00,20.00,29.30,22.00,2.70
2025-03-11 15:07:32,25.61,19.53,29.26,12.18,12.05,11.21,11.46,25.40,25.01,30.0,4.00,20.00,29.31,21.90,2.60
2025-03-11 15:07:34,25.61,19.55,29.63,12.47,12.16,11.39,11.64,25.28,25.00,30.0,4.00,20.00,29.31,21.90,2.50
2025-03-11 15:07:36,25.61,19.59,30.02,12.79,12.29,11.61,11.84,25.54,25.00,30.0,4.00,20.00,29.34,21.90,2.50
2025-03-11 15:07:38,25.61,19.62,30.37,13.08,12.39,11.80,12.03,25.32,24.99,30.0,4.00,20.00,29.35,21.90,2.41
2025-03-11 15:07:40,25.61,19.65,30.75,13.40,12.53,12.01,12.25,25.75,25.00,30.0,4.00,20.00,29.36,21.90,2.40
2025-03-11 15:07:42,25.61,19.66,31.12,13.71,12.65,12.20,12.43,25.87,24.99,30.0,4.00,20.00,29.36,21.90,2.31
2025-03-11 15:07:44,25.61,19.66,31.47,14.00,12.78,12.41,12.63,25.80,24.99,30.0,4.00,20.00,29.38,21.81,2.21
2025-03-11 15:07:46,25.61,19.69,31.84,14.32,12.92,12.62,12.83,25.64,24.98,30.0,4.00,20.00,29.40,21.80,2.20
2025-03-11 15:07:47,25.61,19.72,32.18,14.61,13.03,12.82,13.04,25.63,24.99,30.0,4.00,20.00,29.41,21.80,2.20
2025-03-11 15:07:49,25.61,19.77,32.55,14.95,13.18,13.05,13.27,25.81,25.00,30.0,4.00,20.00,29.44,21.80,2.12
2025-03-11 15:07:51,25.61,19.80,32.92,15.27,13.33,13.29,13.49,26.15,25.01,30.0,4.00,20.00,29.45,21.80,2.10
2025-03-11 15:07:53,25.61,19.81,33.27,15.59,13.47,13.49,13.70,25.92,25.01,30.0,4.00,20.00,29.50,21.80,2.10
2025-03-11 15:07:55,25.61,19.85,33.61,15.90,13.61,13.71,13.91,25.71,25.00,30.0,4.00,20.00,29.50,21.80,2.10
2025-03-11 15:07:57,25.61,19.88,33.96,16.20,13.74,13.92,14.12,25.82,24.98,30.0,4.00,20.00,29.50,21.80,2.10
2025-03-11 15:07:59,25.61,19.89,34.31,16.52,13.89,14.15,14.34,25.88,24.99,30.0,4.00,20.00,29.52,21.80,2.10
2025-03-11 15:08:01,25.61,19.89,34.65,16.83,14.03,14.36,14.55,25.63,24.98,30.0,4.00,20.00,29.53,21.80,2.10
2025-03-11 15:08:03,25.61,19.91,35.00,17.14,14.18,14.59,14.78,25.76,25.00,30.0,4.00,20.00,29.55,21.80,2.12
2025-03-11 15:08:05,25.61,19.91,35.34,17.46,14.34,14.82,15.01,25.72,25.00,30.0,4.00,20.00,29.57,21.80,2.20
2025-03-11 15:08:07,25.61,19.94,35.70,17.79,14.50,15.06,15.24,25.89,25.03,30.0,4.00,20.00,29.58,21.80,2.30
2025-03-11 15:08:08,25.62,19.96,36.02,18.11,14.65,15.28,15.46,25.88,25.03,30.0,4.00,20.00,29.65,21.80,2.40
2025-03-11 15:08:10,25.62,19.97,36.36,18.41,14.79,15.51,15.68,25.48,25.03,30.0,4.00,20.00,29.63,21.80,2.40
2025-03-11 15:08:12,25.62,20.00,36.69,18.72,14.95,15.74,15.91,25.67,25.02,30.0,4.00,20.00,29.65,21.80,2.40
2025-03-11 15:08:14,25.62,19.99,37.05,19.04,15.11,15.97,16.13,25.56,25.02,30.0,4.00,20.00,29.68,21.80,2.50
2025-03-11 15:08:16,25.62,20.03,37.39,19.37,15.28,16.22,16.37,25.83,25.03,30.0,4.00,20.00,29.69,21.80,2.50
2025-03-11 15:08:18,25.62,20.04,37.71,19.68,15.45,16.45,16.60,25.84,25.02,30.0,4.00,20.00,29.70,21.71,2.41
2025-03-11 15:08:20,25.62,20.08,38.04,19.99,15.60,16.67,16.82,25.69,25.03,30.0,4.00,20.00,29.71,21.79,2.49
2025-03-11 15:08:22,25.62,22.77,38.38,20.30,15.76,16.91,17.07,25.78,25.03,30.0,4.00,20.00,29.74,21.71,2.50
2025-03-11 15:08:24,25.62,22.56,38.70,20.61,15.93,17.14,17.30,25.72,25.02,30.0,4.00,20.00,29.81,21.70,2.41
2025-03-11 15:08:26,25.62,22.80,39.02,20.92,16.09,17.38,17.52,25.73,25.03,30.0,4.00,20.00,29.79,21.70,2.40
2025-03-11 15:08:28,25.62,22.88,39.36,21.23,16.25,17.62,17.76,25.53,25.04,30.0,4.00,20.00,29.81,21.70,2.40
2025-03-11 15:08:29,25.62,22.92,39.69,21.55,16.43,17.86,18.00,25.73,25.05,30.0,4.00,20.00,29.84,21.70,2.32
2025-03-11 15:08:31,25.62,22.74,40.02,21.86,16.60,18.10,18.23,25.54,25.04,30.0,4.00,20.00,29.85,21.70,2.30
2025-03-11 15:08:33,25.62,22.80,40.34,22.16,16.76,18.33,18.47,25.64,25.06,30.0,4.00,20.00,29.90,21.70,2.36
2025-03-11 15:08:35,25.62,23.08,40.66,22.47,16.93,18.57,18.70,25.72,25.03,30.0,4.00,20.00,29.91,21.70,2.34
2025-03-11 15:08:37,25.62,22.85,40.97,22.77,17.10,18.80,18.93,25.61,25.02,30.0,4.00,20.00,29.92,21.70,2.30
2025-03-11 15:08:39,25.62,22.96,41.29,23.08,17.27,19.03,19.18,25.74,25.01,30.0,4.00,20.00,29.95,21.70,2.30
2025-03-11 15:08:41,25.62,22.78,41.61,23.38,17.44,19.27,19.40,25.64,25.01,30.0,4.00,20.00,30.01,21.70,2.30
2025-03-11 15:08:43,25.62,22.75,41.93,23.71,17.62,19.51,19.64,25.99,25.01,30.0,4.00,20.00,30.00,21.70,2.30
2025-03-11 15:08:45,25.62,22.23,42.25,24.01,17.79,19.75,19.88,25.74,25.00,30.0,4.00,20.00,30.01,21.70,2.20
2025-03-11 15:08:47,25.62,23.00,42.56,24.32,17.96,19.99,20.11,25.89,25.03,30.0,4.00,20.00,30.10,21.70,2.20
2025-03-11 15:08:49,25.62,23.15,42.90,24.64,18.16,20.24,20.36,25.86,25.03,30.0,4.00,20.00,30.07,21.60,2.20
2025-03-11 15:08:50,25.62,23.10,43.22,24.95,18.34,20.49,20.59,25.94,25.04,30.0,4.00,20.00,30.09,21.70,2.20
2025-03-11 15:08:52,25.62,23.20,43.53,25.25,18.51,20.72,20.83,25.93,25.04,30.0,4.00,20.00,30.16,21.70,2.20
2025-03-11 15:08:54,25.62,23.10,43.83,25.55,18.68,20.95,21.08,25.97,25.04,30.0,4.00,20.00,30.15,21.70,2.20
2025-03-11 15:08:56,25.62,22.74,44.14,25.85,18.86,21.19,21.30,25.61,25.03,30.0,4.00,20.00,30.17,21.70,2.20
2025-03-11 15:08:58,25.62,22.73,44.46,26.16,19.04,21.43,21.54,25.75,25.05,30.0,4.00,20.00,30.24,21.70,2.29
2025-03-11 15:09:00,25.62,23.10,44.76,26.46,19.21,21.66,21.78,25.78,25.05,30.0,4.00,20.00,30.24,21.61,2.30
2025-03-11 15:09:02,25.62,23.09,45.07,26.76,19.39,21.90,22.01,25.60,25.05,30.0,4.00,20.00,30.26,21.69,2.39
2025-03-11 15:09:04,25.62,22.97,45.38,27.07,19.57,22.13,22.24,25.61,25.04,30.0,4.00,20.00,30.30,21.70,2.40
2025-03-11 15:09:06,25.62,22.81,45.68,27.36,19.75,22.37,22.48,25.95,25.05,30.0,4.00,20.00,30.32,21.70,2.40
2025-03-11 15:09:08,25.62,23.15,45.98,27.67,19.93,22.61,22.72,25.77,25.05,30.0,4.00,20.00,30.34,21.70,2.40
2025-03-11 15:09:10,25.62,23.38,46.30,27.97,20.11,22.85,22.97,25.86,25.05,30.0,4.00,20.00,30.36,21.63,2.33
2025-03-11 15:09:11,25.62,23.18,46.59,28.26,20.29,23.09,23.19,26.01,25.05,30.0,4.00,20.00,30.40,21.67,2.37
2025-03-11 15:09:13,25.62,23.25,46.90,28.57,20.47,23.32,23.43,26.03,25.05,30.0,4.00,20.00,30.47,21.70,2.40
2025-03-11 15:09:15,25.62,23.11,47.21,28.86,20.65,23.56,23.66,25.81,25.03,30.0,3.57,20.00,30.46,21.70,2.40
2025-03-11 15:09:17,25.62,23.18,47.32,29.16,20.84,23.80,23.91,26.03,25.04,30.0,3.57,20.00,30.50,21.70,2.40
2025-03-11 15:09:19,25.62,23.26,47.44,29.47,21.02,24.04,24.14,25.84,25.03,30.0,3.57,20.00,30.53,21.70,2.40
2025-03-11 15:09:21,25.62,23.22,47.62,29.77,21.21,24.29,24.39,26.13,25.04,30.0,3.57,20.00,30.60,21.70,2.41
2025-03-11 15:09:23,25.62,23.48,47.51,30.06,21.39,24.52,24.62,26.19,25.03,30.0,2.85,20.00,30.58,21.70,2.69
2025-03-11 15:09:25,25.62,23.56,47.40,30.36,21.57,24.75,24.85,26.17,25.04,30.0,2.85,20.00,30.61,21.70,2.80
2025-03-11 15:09:27,25.63,23.48,47.38,30.64,21.74,24.98,25.08,25.90,25.02,30.0,2.85,20.00,30.68,21.70,2.70
2025-03-11 15:09:29,25.63,23.52,46.85,30.93,21.93,25.21,25.32,26.11,25.03,30.0,1.42,20.00,30.68,21.70,2.70
2025-03-11 15:09:30,25.63,23.85,46.39,31.23,22.12,25.45,25.56,26.03,25.02,30.0,1.42,20.00,30.71,21.70,2.70
2025-03-11 15:09:32,25.63,23.58,46.05,31.52,22.29,25.69,25.79,26.11,25.03,30.0,1.42,20.00,30.77,21.70,2.61
2025-03-11 15:09:34,25.63,23.42,45.96,31.82,22.49,25.93,26.03,26.00,25.03,30.0,1.90,20.00,30.78,21.70,2.69
2025-03-11 15:09:36,25.63,24.06,45.86,32.10,22.67,26.18,26.27,26.36,25.03,30.0,1.90,20.00,30.82,21.70,2.70
2025-03-11 15:09:38,25.63,23.91,45.76,32.38,22.86,26.40,26.50,26.29,25.03,30.0,1.90,20.00,30.91,21.70,2.70
2025-03-11 15:09:40,25.63,24.28,44.86,32.64,23.03,26.63,26.73,25.92,25.02,30.0,0.11,20.00,30.90,21.70,2.61
2025-03-11 15:09:42,25.63,24.45,44.11,32.91,23.20,26.86,26.96,26.13,25.03,30.0,0.11,20.00,30.92,21.70,2.69
2025-03-11 15:09:44,25.63,24.21,43.54,33.16,23.38,27.08,27.18,25.97,25.03,30.0,0.11,20.00,31.03,21.70,2.70
2025-03-11 15:09:46,25.63,24.54,43.25,33.42,23.55,27.30,27.40,25.80,25.01,30.0,0.40,20.00,31.00,21.70,2.78
2025-03-11 15:09:48,25.63,24.28,43.01,33.66,23.74,27.52,27.62,25.71,25.01,30.0,0.40,20.00,31.04,21.70,2.80
2025-03-11 15:09:50,25.63,24.59,42.76,33.90,23.91,27.75,27.84,25.98,25.01,30.0,0.40,20.00,31.08,21.70,2.80
2025-03-11 15:09:51,25.63,24.61,42.18,34.12,24.10,27.97,28.07,26.20,25.01,30.0,0.76,20.00,31.14,21.70,2.80
2025-03-11 15:09:53,25.63,25.29,41.66,34.35,24.27,28.19,28.28,26.32,25.02,30.0,0.76,20.00,31.19,21.70,2.80
2025-03-11 15:09:55,25.63,25.32,41.23,34.56,24.45,28.39,28.49,26.22,25.02,30.0,0.76,20.00,31.19,21.70,2.80
2025-03-11 15:09:57,25.63,25.93,40.66,34.76,24.63,28.61,28.71,26.17,25.01,30.0,1.42,20.00,31.24,21.70,2.80
2025-03-11 15:09:59,25.63,25.89,40.13,34.94,24.79,28.81,28.91,26.23,25.04,30.0,1.42,20.00,31.35,21.70,2.80
2025-03-11 15:10:01,25.63,26.08,39.68,35.13,24.97,29.02,29.11,26.18,25.02,30.0,1.42,20.00,31.31,21.70,2.80
2025-03-11 15:10:03,25.63,26.36,39.01,35.29,25.13,29.21,29.29,25.90,25.03,30.0,2.45,20.00,31.34,21.70,2.70
2025-03-11 15:10:05,25.63,26.73,38.41,35.44,25.30,29.39,29.48,25.91,25.03,30.0,2.45,20.00,31.46,21.70,2.80
2025-03-11 15:10:07,25.63,26.95,37.87,35.56,25.45,29.57,29.66,25.87,25.02,30.0,2.45,20.00,31.42,21.70,2.70
2025-03-11 15:10:09,25.63,27.39,37.46,35.70,25.62,29.76,29.84,26.21,25.03,30.0,2.14,20.00,31.44,21.70,2.70
2025-03-11 15:10:11,25.63,27.50,37.05,35.82,25.77,29.91,30.00,26.16,25.04,30.0,2.14,20.00,31.49,21.70,2.61
2025-03-11 15:10:12,25.63,27.43,36.64,35.90,25.90,30.07,30.16,26.09,25.03,30.0,2.14,20.00,31.51,21.70,2.60
2025-03-11 15:10:14,25.63,27.75,36.09,35.99,26.06,30.22,30.30,26.05,25.04,30.0,2.84,20.00,31.65,21.70,2.51
2025-03-11 15:10:16,25.63,28.55,35.62,36.08,26.21,30.38,30.46,26.19,25.05,30.0,2.84,20.00,31.59,21.79,2.59
2025-03-11 15:10:18,25.63,28.62,35.18,36.13,26.34,30.50,30.59,25.98,25.04,30.0,2.84,20.00,31.61,21.71,2.51
2025-03-11 15:10:20,25.63,28.79,34.70,36.18,26.47,30.63,30.71,25.82,25.04,30.0,3.14,20.00,31.65,21.70,2.41
2025-03-11 15:10:22,25.63,28.91,34.28,36.25,26.62,30.78,30.85,26.10,25.06,30.0,3.14,20.00,31.67,21.78,2.48
2025-03-11 15:10:24,25.63,28.88,33.85,36.27,26.74,30.89,30.96,25.94,25.05,30.0,3.42,20.00,31.78,21.80,2.50
2025-03-11 15:10:26,25.63,29.18,33.41,36.28,26.86,30.99,31.07,25.73,25.05,30.0,3.42,20.00,31.77,21.73,2.50
2025-03-11 15:10:28,25.63,29.50,32.98,36.28,26.97,31.09,31.16,25.55,25.04,30.0,3.42,20.00,31.76,21.77,2.50
2025-03-11 15:10:30,25.63,29.83,32.59,36.28,27.09,31.19,31.26,26.06,25.04,30.0,3.42,20.00,31.78,21.80,2.50
2025-03-11 15:10:32,25.63,29.99,32.20,36.26,27.18,31.27,31.34,25.95,25.04,30.0,3.50,20.00,31.82,21.80,2.50
2025-03-11 15:10:33,25.63,30.32,31.82,36.23,27.29,31.34,31.41,25.93,25.05,30.0,3.50,20.00,31.86,21.80,2.50
2025-03-11 15:10:35,25.63,30.95,31.48,36.21,27.40,31.43,31.50,26.25,25.05,30.0,3.62,20.00,31.93,21.80,2.50
2025-03-11 15:10:37,25.63,31.53,31.11,36.17,27.49,31.49,31.56,26.02,25.05,30.0,3.62,20.00,31.86,21.80,2.50
2025-03-11 15:10:39,25.63,31.46,30.76,36.11,27.57,31.55,31.62,26.12,25.05,30.0,3.62,20.00,31.86,21.80,2.50
2025-03-11 15:10:41,25.63,31.61,30.42,36.04,27.66,31.59,31.67,26.26,25.06,30.0,3.62,20.00,31.93,21.80,2.50
2025-03-11 15:10:43,25.63,31.17,30.07,35.95,27.71,31.61,31.67,25.51,25.03,30.0,3.70,20.00,31.89,21.80,2.50
2025-03-11 15:10:45,25.63,31.53,29.75,35.88,27.79,31.64,31.71,25.68,25.04,30.0,3.70,20.00,32.02,21.90,2.60
2025-03-11 15:10:47,25.64,31.89,29.44,35.79,27.86,31.67,31.75,25.98,25.05,30.0,3.61,20.00,31.93,21.80,2.60
2025-03-11 15:10:49,25.64,31.86,29.15,35.69,27.93,31.69,31.77,26.09,25.06,30.0,3.61,20.00,31.93,21.80,2.51
2025-03-11 15:10:51,25.64,32.01,28.87,35.60,27.99,31.71,31.80,26.02,25.05,30.0,3.61,20.00,32.03,21.80,2.50
2025-03-11 15:10:53,25.64,32.37,28.59,35.49,28.05,31.72,31.80,26.20,25.06,30.0,3.61,20.00,31.96,21.80,2.50
2025-03-11 15:10:54,25.64,32.64,28.33,35.38,28.10,31.72,31.79,25.86,25.04,30.0,3.56,20.00,31.99,21.80,2.50
2025-03-11 15:10:56,25.64,32.35,28.06,35.26,28.13,31.71,31.79,25.91,25.04,30.0,3.56,20.00,31.97,21.80,2.50
2025-03-11 15:10:58,25.64,33.15,27.81,35.13,28.18,31.69,31.77,25.95,25.04,30.0,3.56,20.00,31.95,21.80,2.41
2025-03-11 15:11:00,25.64,32.88,27.63,35.00,28.21,31.67,31.76,25.65,25.04,30.0,3.11,20.00,32.05,21.88,2.40
2025-03-11 15:11:02,25.64,32.47,27.43,34.85,28.23,31.63,31.73,25.57,25.03,30.0,3.11,20.00,31.99,21.90,2.40
2025-03-11 15:11:04,25.64,32.25,27.25,34.73,28.26,31.61,31.71,25.78,25.03,30.0,3.45,20.00,31.96,21.90,2.40
2025-03-11 15:11:06,25.64,32.44,26.98,34.58,28.28,31.57,31.67,25.67,25.02,30.0,3.45,20.00,31.96,21.83,2.47
2025-03-11 15:11:08,25.64,32.47,26.74,34.43,28.30,31.52,31.64,25.67,25.02,30.0,3.45,20.00,31.95,21.86,2.50
2025-03-11 15:11:10,25.64,32.63,26.52,34.28,28.33,31.48,31.58,25.57,25.01,30.0,3.08,20.00,32.01,21.90,2.50
2025-03-11 15:11:12,25.64,32.17,26.35,34.12,28.32,31.43,31.54,26.03,25.01,30.0,3.08,20.00,32.02,21.90,2.50
2025-03-11 15:11:13,25.64,32.01,26.17,33.96,28.33,31.37,31.49,25.77,25.02,30.0,3.08,20.00,31.94,21.90,2.50
2025-03-11 15:11:15,25.64,32.13,26.00,33.81,28.34,31.32,31.43,25.83,25.03,30.0,3.08,20.00,31.94,21.90,2.51
2025-03-11 15:11:17,25.64,32.08,25.87,33.64,28.34,31.26,31.38,25.99,25.04,30.0,2.81,20.00,31.93,21.90,2.60
2025-03-11 15:11:19,25.64,31.93,25.75,33.50,28.34,31.19,31.32,25.84,25.04,30.0,2.81,20.00,31.91,21.90,2.60
2025-03-11 15:11:21,25.64,32.07,25.60,33.32,28.33,31.12,31.25,25.85,25.04,30.0,2.81,20.00,31.98,21.90,2.60
2025-03-11 15:11:23,25.64,31.21,25.50,33.17,28.32,31.04,31.18,26.02,25.06,30.0,2.63,20.00,31.89,21.90,2.50
2025-03-11 15:11:25,25.64,30.93,25.36,33.00,28.31,30.98,31.12,26.15,25.06,30.0,2.63,20.00,31.98,21.90,2.50
2025-03-11 15:11:27,25.64,31.64,25.22,32.83,28.29,30.89,31.03,26.10,25.05,30.0,2.63,20.00,31.89,21.90,2.50
2025-03-11 15:11:29,25.64,31.37,25.15,32.65,28.26,30.80,30.95,25.88,25.07,30.0,2.30,20.00,31.95,21.99,2.59
2025-03-11 15:11:31,25.64,30.85,25.08,32.50,28.26,30.73,30.88,25.90,25.08,30.0,2.30,20.00,31.86,22.00,2.69
2025-03-11 15:11:33,25.64,31.23,24.97,32.33,28.23,30.63,30.80,26.01,25.08,30.0,2.02,20.00,31.84,22.00,2.70
2025-03-11 15:11:34,25.64,32.02,24.94,32.16,28.19,30.55,30.71,26.11,25.07,30.0,2.02,20.00,31.83,21.91,2.70
2025-03-11 15:11:36,25.64,31.35,24.89,32.00,28.18,30.46,30.62,26.01,25.07,30.0,2.02,20.00,31.80,21.99,2.70
2025-03-11 15:11:38,25.64,31.05,24.81,31.83,28.13,30.35,30.53,25.89,25.06,30.0,2.02,20.00,31.84,22.00,2.70
2025-03-11 15:11:40,25.64,30.58,24.79,31.65,28.09,30.26,30.43,25.79,25.06,30.0,1.72,20.00,31.79,22.00,2.62
2025-03-11 15:11:42,25.64,30.55,24.76,31.49,28.05,30.15,30.34,25.65,25.05,30.0,1.72,20.00,31.84,22.00,2.60
2025-03-11 15:11:44,25.64,30.55,24.72,31.33,28.01,30.05,30.25,25.92,25.06,30.0,1.37,20.00,31.78,22.00,2.60
2025-03-11 15:11:46,25.64,30.91,24.75,31.16,27.98,29.96,30.15,25.81,25.06,30.0,1.37,20.00,31.73,22.00,2.60
2025-03-11 15:11:48,25.64,29.98,24.76,31.00,27.94,29.86,30.05,25.82,25.06,30.0,1.37,20.00,31.72,22.05,2.65
2025-03-11 15:11:50,25.64,29.95,24.76,30.85,27.90,29.76,29.96,25.68,25.05,30.0,1.37,20.00,31.71,22.06,2.66
2025-03-11 15:11:52,25.64,30.48,24.81,30.69,27.86,29.65,29.86,25.77,25.04,30.0,1.06,20.00,31.70,22.03,2.63
2025-03-11 15:11:54,25.64,30.30,24.84,30.53,27.80,29.55,29.76,25.76,25.04,30.0,1.06,20.00,31.71,22.10,2.70
2025-03-11 15:11:55,25.64,29.82,24.86,30.38,27.77,29.44,29.67,25.95,25.04,30.0,0.74,20.00,31.65,22.10,2.70
2025-03-11 15:11:57,25.64,30.37,24.96,30.24,27.72,29.35,29.58,26.09,25.05,30.0,0.74,20.00,31.74,22.10,2.80
2025-03-11 15:11:59,25.65,29.60,25.02,30.09,27.67,29.24,29.47,25.86,25.06,30.0,0.74,20.00,31.62,22.10,2.70
2025-03-11 15:12:01,25.65,29.74,25.06,29.95,27.63,29.14,29.38,26.12,25.08,30.0,0.74,20.00,31.61,22.10,2.70
2025-03-11 15:12:03,25.65,29.25,25.17,29.80,27.57,29.03,29.27,26.05,25.08,30.0,0.45,20.00,31.59,22.10,2.80
2025-03-11 15:12:05,25.65,29.36,25.25,29.65,27.52,28.93,29.17,25.97,25.06,30.0,0.45,20.00,31.56,22.10,2.80
2025-03-11 15:12:07,25.65,29.42,25.33,29.53,27.47,28.83,29.08,26.08,25.07,30.0,0.08,20.00,31.58,22.10,2.80
2025-03-11 15:12:09,25.65,28.96,25.48,29.38,27.41,28.71,28.97,25.62,25.05,30.0,0.08,20.00,31.52,22.10,2.80
2025-03-11 15:12:11,25.65,29.03,25.58,29.24,27.35,28.62,28.87,25.68,25.04,30.0,0.08,20.00,31.58,22.10,2.71
2025-03-11 15:12:13,25.65,29.24,25.71,29.12,27.31,28.52,28.78,25.94,25.05,30.0,0.08,20.00,31.51,22.19,2.79
2025-03-11 15:12:15,25.65,29.26,25.86,28.99,27.25,28.43,28.68,25.78,25.04,30.0,0.24,20.00,31.52,22.20,2.71
2025-03-11 15:12:16,25.65,28.75,26.04,28.88,27.20,28.33,28.59,26.05,25.06,30.0,0.24,20.00,31.48,22.20,2.70
2025-03-11 15:12:18,25.65,29.18,26.16,28.76,27.14,28.23,28.50,25.92,25.06,30.0,0.24,20.00,31.48,22.20,2.62
2025-03-11 15:12:20,25.65,28.54,26.35,28.66,27.09,28.13,28.41,25.71,25.06,30.0,0.49,20.00,31.44,22.20,2.60
2025-03-11 15:12:22,25.65,28.28,26.53,28.57,27.05,28.05,28.34,25.95,25.07,30.0,0.49,20.00,31.45,22.20,2.60
2025-03-11 15:12:24,25.65,28.83,26.68,28.46,27.00,27.96,28.25,26.09,25.07,30.0,0.49,20.00,31.42,22.20,2.60
2025-03-11 15:12:26,25.65,28.22,26.87,28.35,26.93,27.86,28.16,25.90,25.07,30.0,0.72,20.00,31.45,22.20,2.60
2025-03-11 15:12:28,25.65,27.49,27.04,28.25,26.88,27.78,28.07,25.93,25.08,30.0,0.72,20.00,31.43,22.20,2.60
2025-03-11 15:12:30,25.65,27.90,27.19,28.16,26.82,27.68,27.98,25.75,25.08,30.0,1.08,20.00,31.38,22.20,2.60
2025-03-11 15:12:32,25.65,27.84,27.45,28.07,26.77,27.60,27.90,25.80,25.06,30.0,1.08,20.00,31.43,22.20,2.60
2025-03-11 15:12:34,25.65,27.12,27.69,28.01,26.73,27.53,27.84,26.21,25.07,30.0,1.08,20.00,31.35,22.20,2.60
2025-03-11 15:12:36,25.65,25.92,27.88,27.93,26.68,27.46,27.76,25.98,25.07,30.0,1.08,20.00,31.41,22.30,2.60
2025-03-11 15:12:37,25.65,27.07,28.11,27.87,26.63,27.38,27.69,25.87,25.06,30.0,1.23,20.00,31.32,22.30,2.60
2025-03-11 15:12:39,25.65,27.14,28.32,27.79,26.57,27.30,27.62,25.79,25.05,30.0,1.23,20.00,31.37,22.20,2.60
2025-03-11 15:12:41,25.65,26.81,28.51,27.74,26.53,27.23,27.55,25.85,25.05,30.0,1.47,20.00,31.30,22.30,2.70
2025-03-11 15:12:43,25.65,26.42,28.76,27.69,26.48,27.16,27.48,25.63,25.04,30.0,1.47,20.00,31.33,22.30,2.79
2025-03-11 15:12:45,25.65,25.59,29.01,27.64,26.45,27.11,27.43,25.82,25.05,30.0,1.47,20.00,31.29,22.30,2.80
2025-03-11 15:12:47,25.65,25.35,29.24,27.59,26.40,27.04,27.37,25.75,25.04,30.0,1.47,20.00,31.31,22.30,2.80
2025-03-11 15:12:49,25.65,26.20,29.47,27.54,26.34,26.98,27.30,25.70,25.05,30.0,1.59,20.00,31.27,22.30,2.80
2025-03-11 15:12:51,25.65,25.28,29.70,27.51,26.32,26.94,27.26,25.80,25.05,30.0,1.59,20.00,31.30,22.30,2.80
2025-03-11 15:12:53,25.65,26.58,29.91,27.49,26.29,26.89,27.21,25.84,25.05,30.0,1.77,20.00,31.26,22.30,2.71
2025-03-11 15:12:55,25.65,26.00,30.17,27.48,26.25,26.83,27.16,25.95,25.05,30.0,1.77,20.00,31.30,22.30,2.70
2025-03-11 15:12:56,25.65,24.76,30.41,27.45,26.21,26.79,27.13,25.98,25.05,30.0,1.77,20.00,31.25,22.30,2.70
2025-03-11 15:12:58,25.65,24.84,30.63,27.42,26.17,26.74,27.08,25.93,25.05,30.0,1.77,20.00,31.26,22.38,2.70
2025-03-11 15:13:00,25.65,24.89,30.87,27.44,26.15,26.72,27.06,26.25,25.07,30.0,1.82,20.00,31.23,22.40,2.70
2025-03-11 15:13:02,25.65,24.52,31.09,27.42,26.12,26.67,27.01,25.77,25.05,30.0,1.82,20.00,31.22,22.40,2.70
2025-03-11 15:13:04,25.65,24.68,31.29,27.43,26.08,26.64,26.99,25.81,25.06,30.0,1.82,20.00,31.21,22.40,2.75
2025-03-11 15:13:06,25.65,24.88,31.53,27.44,26.07,26.62,26.96,25.82,25.07,30.0,1.92,20.00,31.22,22.40,2.75
2025-03-11 15:13:08,25.66,24.55,31.75,27.45,26.05,26.60,26.95,26.03,25.07,30.0,1.92,20.00,31.20,22.40,2.70
2025-03-11 15:13:10,25.66,25.32,31.95,27.47,26.02,26.57,26.92,25.78,25.04,30.0,1.92,20.00,31.25,22.40,2.70
2025-03-11 15:13:12,25.66,25.60,32.15,27.49,25.98,26.55,26.90,25.74,25.05,30.0,1.91,20.00,31.19,22.40,2.70
2025-03-11 15:13:14,25.66,25.58,32.34,27.53,25.98,26.55,26.89,25.61,25.03,30.0,1.91,20.00,31.23,22.50,2.70
2025-03-11 15:13:16,25.66,25.77,32.53,27.56,25.96,26.55,26.89,25.93,25.02,30.0,1.88,20.00,31.20,22.40,3.09
2025-03-11 15:13:17,25.66,25.04,32.69,27.61,25.94,26.55,26.89,25.92,25.02,30.0,1.88,20.00,31.21,22.50,5.42
2025-03-11 15:13:19,25.66,24.39,32.86,27.66,25.94,26.56,26.91,26.04,25.02,30.0,1.88,20.00,31.19,22.50,8.19
2025-03-11 15:13:21,25.66,24.14,33.02,27.71,25.94,26.55,26.89,25.88,25.01,30.0,1.88,20.00,31.20,22.50,10.87
2025-03-11 15:13:23,25.66,23.92,33.15,27.77,25.95,26.58,26.93,25.96,25.02,30.0,1.80,20.00,31.19,22.59,13.54
2025-03-11 15:13:25,25.66,24.05,33.29,27.83,25.94,26.59,26.95,25.96,25.02,30.0,1.80,20.00,31.20,22.51,15.74
2025-03-11 15:13:27,25.66,24.20,33.42,27.88,25.95,26.60,26.95,25.88,25.00,30.0,1.80,20.00,31.23,22.59,17.54
2025-03-11 15:13:29,25.66,24.04,33.48,27.93,25.95,26.61,26.96,26.00,25.01,30.0,1.57,20.00,31.21,22.60,16.54
2025-03-11 15:13:31,25.66,25.39,33.54,27.99,25.95,26.62,26.96,25.86,25.01,30.0,1.57,20.00,31.26,22.60,15.02
2025-03-11 15:13:33,25.66,25.64,33.62,28.05,25.95,26.63,26.98,25.88,25.00,30.0,1.77,20.00,31.21,22.60,13.63
2025-03-11 15:13:35,25.66,24.87,33.76,28.10,25.95,26.65,27.00,25.67,25.00,30.0,1.77,20.00,31.23,22.60,12.28
2025-03-11 15:13:37,25.66,23.84,33.90,28.17,25.95,26.68,27.03,25.74,25.01,30.0,1.77,20.00,31.21,22.60,11.10
2025-03-11 15:13:38,25.66,24.80,34.04,28.25,25.98,26.71,27.06,25.99,25.01,30.0,1.77,20.00,31.22,22.60,10.03
2025-03-11 15:13:40,25.66,25.01,34.10,28.33,25.98,26.73,27.07,25.85,25.01,30.0,1.60,20.00,31.22,22.60,9.20
2025-03-11 15:13:42,25.66,23.89,34.16,28.39,25.98,26.75,27.09,25.57,24.99,30.0,1.60,20.00,31.23,22.60,8.46
2025-03-11 15:13:44,25.66,23.91,34.24,28.47,25.98,26.79,27.12,25.64,24.99,30.0,1.43,20.00,31.23,22.60,7.79
2025-03-11 15:13:46,25.66,24.11,34.26,28.53,26.01,26.82,27.16,25.81,24.99,30.0,1.43,20.00,31.28,22.60,7.24
2025-03-11 15:13:48,25.66,24.05,34.29,28.62,26.01,26.85,27.19,25.48,24.99,30.0,1.43,20.00,31.25,22.62,6.82
2025-03-11 15:13:50,25.66,24.12,34.35,28.70,26.03,26.89,27.22,25.62,24.99,30.0,1.29,20.00,31.27,22.70,6.40
2025-03-11 15:13:52,25.66,24.35,34.35,28.78,26.05,26.93,27.27,25.55,24.98,30.0,1.29,20.00,31.23,22.70,6.01
2025-03-11 15:13:54,25.66,24.48,34.35,28.86,26.06,26.97,27.31,25.65,24.99,30.0,1.29,20.00,31.27,22.70,5.71
2025-03-11 15:13:56,25.66,24.14,34.38,28.94,26.08,27.02,27.35,25.41,24.99,30.0,1.29,20.00,31.25,22.70,5.41
2025-03-11 15:13:58,25.66,24.51,34.36,29.03,26.11,27.06,27.40,25.68,25.00,30.0,1.14,20.00,31.29,22.60,5.21
2025-03-11 15:13:59,25.66,24.17,34.35,29.10,26.12,27.10,27.42,25.49,25.00,30.0,1.14,20.00,31.27,22.70,5.01
2025-03-11 15:14:01,25.66,24.28,34.35,29.20,26.16,27.16,27.48,25.69,25.00,30.0,0.99,20.00,31.29,22.70,4.72
2025-03-11 15:14:03,25.66,24.35,34.31,29.28,26.19,27.20,27.54,25.73,25.02,30.0,0.99,20.00,31.29,22.70,4.51
2025-03-11 15:14:05,25.66,24.44,34.28,29.36,26.20,27.25,27.58,25.57,25.02,30.0,0.99,20.00,31.30,22.70,4.50
2025-03-11 15:14:07,25.66,24.31,34.27,29.45,26.24,27.32,27.64,25.71,25.02,30.0,0.99,20.00,31.29,22.70,4.68
2025-03-11 15:14:09,25.66,24.29,34.19,29.53,26.27,27.35,27.69,25.39,25.00,30.0,0.78,20.00,31.32,22.70,4.53
2025-03-11 15:14:11,25.66,24.34,34.12,29.62,26.29,27.42,27.74,25.69,25.00,30.0,0.78,20.00,31.33,22.70,4.33
2025-03-11 15:14:13,25.66,24.59,34.07,29.68,26.33,27.47,27.79,25.70,25.00,30.0,0.78,20.00,31.33,22.70,4.22
2025-03-11 15:14:15,25.66,24.46,33.93,29.76,26.36,27.52,27.84,25.64,24.99,30.0,0.43,20.00,31.38,22.78,4.12
2025-03-11 15:14:17,25.66,25.68,33.81,29.84,26.40,27.58,27.90,25.84,24.99,30.0,0.43,20.00,31.37,22.73,3.96
2025-03-11 15:14:18,25.66,25.97,33.71,29.91,26.42,27.63,27.94,25.76,24.98,30.0,0.43,20.00,31.40,22.77,3.84
2025-03-11 15:14:20,25.67,25.76,33.66,29.98,26.45,27.68,28.01,25.75,24.99,30.0,0.59,20.00,31.39,22.80,3.74
2025-03-11 15:14:22,25.67,25.16,33.64,30.05,26.49,27.74,28.06,25.80,24.98,30.0,0.59,20.00,31.40,22.80,3.61
2025-03-11 15:14:24,25.67,24.99,33.60,30.13,26.53,27.80,28.12,25.84,24.98,30.0,0.59,20.00,31.39,22.80,3.47
2025-03-11 15:14:26,25.67,24.87,33.48,30.20,26.56,27.86,28.16,25.99,24.99,30.0,0.33,20.00,31.38,22.80,3.40
2025-03-11 15:14:28,25.67,25.04,33.39,30.27,26.61,27.92,28.22,25.99,24.99,30.0,0.33,20.00,31.41,22.80,3.40
2025-03-11 15:14:30,25.67,25.18,33.31,30.33,26.64,27.97,28.27,25.85,24.99,30.0,0.13,20.00,31.42,22.80,3.40
2025-03-11 15:14:32,25.67,25.17,33.17,30.39,26.67,28.01,28.32,25.69,24.98,30.0,0.13,20.00,31.42,22.80,3.30
2025-03-11 15:14:34,25.67,25.93,33.05,30.43,26.70,28.07,28.37,25.67,24.98,30.0,0.13,20.00,31.50,22.80,3.20
2025-03-11 15:14:36,25.67,25.43,32.94,30.48,26.73,28.11,28.42,25.70,24.97,30.0,0.13,20.00,31.44,22.90,3.20
2025-03-11 15:14:38,25.67,25.40,32.76,30.53,26.77,28.16,28.46,25.74,24.96,30.0,0.05,20.00,31.54,22.80,3.10
2025-03-11 15:14:39,25.67,26.55,32.60,30.58,26.79,28.21,28.50,25.75,24.97,30.0,0.05,20.00,31.45,22.80,3.10
2025-03-11 15:14:41,25.67,26.47,32.48,30.64,26.85,28.27,28.55,25.93,24.97,30.0,0.05,20.00,31.56,22.80,3.10
2025-03-11 15:14:43,25.67,26.09,32.40,30.68,26.88,28.30,28.60,25.90,24.97,30.0,0.04,20.00,31.48,22.89,3.10
2025-03-11 15:14:45,25.67,26.45,32.34,30.71,26.90,28.35,28.64,25.76,24.97,30.0,0.04,20.00,31.52,22.90,3.01
2025-03-11 15:14:47,25.67,26.68,32.27,30.75,26.94,28.40,28.69,26.02,24.98,30.0,0.04,20.00,31.48,22.90,3.00
2025-03-11 15:14:49,25.67,25.70,32.13,30.78,26.98,28.45,28.73,25.97,24.98,30.0,0.15,20.00,31.55,22.90,3.00
2025-03-11 15:14:51,25.67,25.67,32.03,30.82,27.00,28.48,28.77,26.14,24.98,30.0,0.15,20.00,31.51,22.90,3.00
2025-03-11 15:14:53,25.67,25.95,31.93,30.85,27.03,28.52,28.80,25.93,24.98,30.0,0.15,20.00,31.55,22.90,2.92
2025-03-11 15:14:55,25.67,25.77,31.81,30.86,27.06,28.56,28.84,25.98,24.98,30.0,0.24,20.00,31.53,22.90,2.90
2025-03-11 15:14:57,25.67,25.67,31.70,30.89,27.11,28.60,28.88,25.97,24.99,30.0,0.24,20.00,31.56,22.90,2.90
2025-03-11 15:14:59,25.67,25.99,31.61,30.92,27.13,28.64,28.92,25.91,24.97,30.0,0.24,20.00,31.55,22.90,2.90
2025-03-11 15:15:00,25.67,26.55,31.51,30.93,27.17,28.67,28.95,25.99,24.99,30.0,0.27,20.00,31.57,22.90,2.85
2025-03-11 15:15:02,25.67,26.69,31.41,30.94,27.20,28.70,28.98,26.01,25.00,30.0,0.27,20.00,31.56,22.94,2.84
2025-03-11 15:15:04,25.67,27.02,31.31,30.95,27.21,28.72,29.00,25.88,24.99,30.0,0.27,20.00,31.57,23.00,2.88
2025-03-11 15:15:06,25.67,27.57,31.22,30.96,27.24,28.75,29.03,26.04,24.99,30.0,0.32,20.00,31.62,23.00,2.80
2025-03-11 15:15:08,25.67,26.91,31.12,30.96,27.27,28.77,29.05,25.73,24.98,30.0,0.32,20.00,31.58,23.00,2.80
2025-03-11 15:15:10,25.67,26.22,31.03,30.96,27.29,28.80,29.08,25.90,24.99,30.0,0.32,20.00,31.67,23.00,2.80
2025-03-11 15:15:12,25.67,26.21,30.94,30.96,27.32,28.82,29.09,25.78,24.98,30.0,0.33,20.00,31.58,23.00,2.80
2025-03-11 15:15:14,25.67,26.23,30.86,30.97,27.34,28.85,29.12,25.61,24.97,30.0,0.33,20.00,31.59,23.00,2.90
2025-03-11 15:15:16,25.67,26.29,30.78,30.98,27.36,28.88,29.15,25.61,24.97,30.0,0.33,20.00,31.58,23.00,3.38
2025-03-11 15:15:18,25.67,26.22,30.70,30.98,27.39,28.90,29.17,25.83,24.97,30.0,0.37,20.00,31.58,23.00,3.49
2025-03-11 15:15:20,25.67,27.16,30.62,30.98,27.42,28.93,29.20,26.00,24.97,30.0,0.37,20.00,31.66,23.00,4.06
2025-03-11 15:15:21,25.67,26.57,30.54,30.98,27.44,28.96,29.22,25.84,24.99,30.0,0.43,20.00,31.60,23.00,4.28
2025-03-11 15:15:23,25.67,26.37,30.44,30.96,27.46,28.97,29.24,25.96,24.99,30.0,0.43,20.00,31.70,23.00,4.30
2025-03-11 15:15:25,25.67,26.83,30.34,30.94,27.48,28.98,29.25,25.81,24.98,30.0,0.43,20.00,31.63,23.09,4.48
2025-03-11 15:15:27,25.67,27.06,30.28,30.94,27.51,29.00,29.26,25.93,24.99,30.0,0.43,20.00,31.61,23.01,4.50
2025-03-11 15:15:29,25.67,26.31,30.22,30.93,27.52,29.01,29.29,26.06,24.99,30.0,0.35,20.00,31.62,23.08,4.75
2025-03-11 15:15:31,25.67,25.77,30.16,30.91,27.54,29.03,29.29,25.99,24.98,30.0,0.35,20.00,31.62,23.10,5.73
2025-03-11 15:15:33,25.67,26.01,30.10,30.89,27.55,29.02,29.30,25.98,24.99,30.0,0.39,20.00,31.65,23.10,7.66
2025-03-11 15:15:35,25.67,26.07,30.04,30.87,27.57,29.04,29.33,26.06,24.99,30.0,0.39,20.00,31.63,23.10,9.35
2025-03-11 15:15:37,25.67,26.00,29.96,30.85,27.58,29.04,29.32,26.04,24.99,30.0,0.39,20.00,31.65,23.10,10.12
2025-03-11 15:15:39,25.67,25.98,29.90,30.83,27.61,29.06,29.34,26.00,24.99,30.0,0.39,20.00,31.63,23.10,10.54
2025-03-11 15:15:41,25.68,26.12,29.86,30.81,27.61,29.06,29.34,26.01,25.00,30.0,0.33,20.00,31.63,23.10,10.68
2025-03-11 15:15:42,25.68,26.48,29.81,30.79,27.63,29.05,29.34,25.85,24.98,30.0,0.33,20.00,31.64,23.10,10.43
2025-03-11 15:15:44,25.68,26.02,29.76,30.75,27.64,29.06,29.34,25.99,24.99,30.0,0.32,20.00,31.62,23.10,10.16
2025-03-11 15:15:46,25.68,26.19,29.71,30.73,27.64,29.05,29.33,26.13,24.99,30.0,0.32,20.00,31.64,23.10,9.61
2025-03-11 15:15:48,25.68,25.76,29.64,30.68,27.64,29.04,29.31,25.79,24.97,30.0,0.32,20.00,31.62,23.10,9.21
2025-03-11 15:15:50,25.68,25.61,29.60,30.65,27.64,29.03,29.31,25.64,24.98,30.0,0.32,20.00,31.65,23.20,9.01
2025-03-11 15:15:52,25.68,25.72,29.60,30.62,27.65,29.02,29.32,25.81,24.98,30.0,0.18,20.00,31.62,23.20,8.52
2025-03-11 15:15:54,25.68,25.70,29.58,30.59,27.66,29.02,29.31,25.83,24.99,30.0,0.18,20.00,31.71,23.10,8.31
2025-03-11 15:15:56,25.68,25.50,29.57,30.57,27.67,29.02,29.30,26.15,25.00,30.0,0.17,20.00,31.63,23.10,8.02
2025-03-11 15:15:58,25.68,25.29,29.54,30.53,27.66,29.00,29.29,25.93,25.00,30.0,0.17,20.00,31.72,23.19,7.72
2025-03-11 15:16:00,25.68,25.43,29.53,30.50,27.68,29.00,29.29,26.11,25.01,30.0,0.17,20.00,31.63,23.20,7.52
2025-03-11 15:16:01,25.68,25.38,29.50,30.47,27.67,28.99,29.28,26.01,25.00,30.0,0.17,20.00,31.62,23.20,7.50
2025-03-11 15:16:03,25.68,25.62,29.48,30.42,27.67,28.96,29.27,25.81,24.99,30.0,0.12,20.00,31.63,23.20,7.32
2025-03-11 15:16:05,25.68,25.97,29.47,30.40,27.67,28.96,29.25,26.01,25.00,30.0,0.12,20.00,31.62,23.20,7.39
2025-03-11 15:16:07,25.68,25.46,29.46,30.37,27.67,28.95,29.24,25.94,24.99,30.0,0.12,20.00,31.67,23.20,7.40
2025-03-11 15:16:09,25.68,25.77,29.46,30.33,27.68,28.94,29.24,26.12,25.00,30.0,0.04,20.00,31.62,23.20,7.32
2025-03-11 15:16:11,25.68,25.66,29.44,30.30,27.67,28.92,29.21,25.93,24.99,30.0,0.04,20.00,31.69,23.20,7.37
2025-03-11 15:16:13,25.68,25.65,29.44,30.25,27.67,28.90,29.19,25.88,24.98,30.0,0.04,20.00,31.65,23.20,7.40
2025-03-11 15:16:15,25.68,25.62,29.44,30.22,27.67,28.89,29.19,26.07,24.98,30.0,0.02,20.00,31.66,23.20,7.22
2025-03-11 15:16:17,25.68,25.51,29.44,30.17,27.64,28.85,29.15,25.71,24.97,30.0,0.02,20.00,31.65,23.20,7.10
2025-03-11 15:16:19,25.68,25.56,29.44,30.14,27.64,28.85,29.15,25.84,24.98,30.0,0.02,20.00,31.61,23.20,7.10
2025-03-11 15:16:21,25.68,25.51,29.48,30.11,27.63,28.81,29.13,25.94,24.98,30.0,0.17,20.00,31.63,23.23,7.18
2025-03-11 15:16:22,25.68,25.42,29.52,30.08,27.64,28.80,29.11,25.94,24.97,30.0,0.17,20.00,31.61,23.30,7.43
2025-03-11 15:16:24,25.68,25.58,29.54,30.04,27.62,28.78,29.09,25.95,24.97,30.0,0.17,20.00,31.60,23.30,7.79
2025-03-11 15:16:26,25.68,25.35,29.55,30.00,27.61,28.76,29.07,25.97,24.97,30.0,0.17,20.00,31.60,23.30,8.48
2025-03-11 15:16:28,25.68,25.35,29.57,29.98,27.60,28.73,29.04,25.50,24.97,30.0,0.17,20.00,31.59,23.30,8.50
2025-03-11 15:16:30,25.68,25.29,29.60,29.95,27.61,28.73,29.04,25.74,24.98,30.0,0.17,20.00,31.59,23.30,8.21
2025-03-11 15:16:32,25.68,25.27,29.63,29.91,27.59,28.71,29.02,25.82,24.97,30.0,0.27,20.00,31.57,23.30,8.10
2025-03-11 15:16:34,25.68,25.31,29.67,29.89,27.59,28.68,29.00,26.17,24.97,30.0,0.27,20.00,31.59,23.30,7.91
2025-03-11 15:16:36,25.68,25.17,29.68,29.84,27.58,28.66,28.98,25.95,24.97,30.0,0.27,20.00,31.58,23.30,7.71
2025-03-11 15:16:38,25.68,24.53,29.74,29.82,27.57,28.64,28.96,25.85,24.96,30.0,0.33,20.00,31.64,23.30,7.61
2025-03-11 15:16:40,25.68,25.57,29.78,29.81,27.58,28.64,28.96,26.15,24.99,30.0,0.33,20.00,31.59,23.30,7.24
2025-03-11 15:16:42,25.68,25.63,29.80,29.77,27.56,28.61,28.93,25.80,24.97,30.0,0.33,20.00,31.61,23.30,7.29
2025-03-11 15:16:43,25.68,25.59,29.85,29.75,27.56,28.59,28.91,25.99,24.98,30.0,0.38,20.00,31.58,23.30,7.56
2025-03-11 15:16:45,25.68,25.61,29.89,29.72,27.54,28.57,28.90,25.83,24.98,30.0,0.38,20.00,31.56,23.30,7.68
2025-03-11 15:16:47,25.68,25.57,29.93,29.70,27.54,28.55,28.87,25.86,24.96,25.0,0.38,20.00,31.61,23.30,7.86
2025-03-11 15:16:49,25.68,25.80,29.10,29.66,27.52,28.53,28.85,25.91,24.96,25.0,3.76,20.00,31.58,23.30,7.97
2025-03-11 15:16:51,25.68,26.46,28.30,29.64,27.50,28.50,28.83,25.93,24.96,25.0,3.76,20.00,31.60,23.30,7.93
2025-03-11 15:16:53,25.68,26.88,27.71,29.62,27.49,28.48,28.82,25.81,24.95,25.0,3.76,20.00,31.56,23.30,7.78
2025-03-11 15:16:55,25.68,26.66,27.18,29.60,27.49,28.47,28.79,25.75,24.95,25.0,3.88,20.00,31.56,23.35,7.91
2025-03-11 15:16:57,25.68,27.85,26.69,29.58,27.48,28.45,28.77,25.90,24.95,25.0,3.88,20.00,31.59,23.40,8.01
2025-03-11 15:16:59,25.68,28.27,26.23,29.57,27.48,28.44,28.78,25.96,24.96,25.0,3.88,20.00,31.63,23.40,7.82
2025-03-11 15:17:01,25.68,28.42,25.79,29.54,27.47,28.42,28.76,25.96,24.95,25.0,4.00,20.00,31.56,23.40,7.57
2025-03-11 15:17:03,25.69,29.06,25.37,29.51,27.45,28.40,28.73,25.96,24.94,25.0,4.00,20.00,31.54,23.40,7.31
2025-03-11 15:17:04,25.69,28.90,24.96,29.50,27.45,28.39,28.73,25.84,24.92,25.0,4.00,20.00,31.56,23.40,7.10
2025-03-11 15:17:06,25.69,28.71,24.59,29.45,27.42,28.36,28.69,25.83,24.92,25.0,4.00,20.00,31.54,23.40,7.00
2025-03-11 15:17:08,25.69,29.02,24.24,29.42,27.42,28.33,28.68,25.69,24.92,25.0,4.00,20.00,31.59,23.40,6.71
2025-03-11 15:17:10,25.69,28.58,23.89,29.39,27.40,28.32,28.66,25.75,24.92,25.0,4.00,20.00,31.54,23.40,6.51
2025-03-11 15:17:12,25.69,29.23,23.59,29.36,27.41,28.32,28.66,25.96,24.93,25.0,4.00,20.00,31.63,23.40,6.22
2025-03-11 15:17:14,25.69,29.63,23.27,29.29,27.39,28.28,28.64,25.87,24.92,25.0,4.00,20.00,31.55,23.40,6.20
2025-03-11 15:17:16,25.69,29.76,22.98,29.24,27.39,28.27,28.61,26.00,24.93,25.0,4.00,20.00,31.57,23.40,6.11
2025-03-11 15:17:18,25.69,29.84,22.69,29.18,27.36,28.25,28.58,25.89,24.91,25.0,4.00,20.00,31.53,23.40,6.01
2025-03-11 15:17:20,25.69,30.05,22.41,29.09,27.35,28.21,28.55,25.66,24.91,25.0,4.00,20.00,31.52,23.40,6.00
2025-03-11 15:17:22,25.69,29.86,22.14,29.01,27.32,28.17,28.51,25.45,24.89,25.0,4.00,20.00,31.52,23.40,5.91
2025-03-11 15:17:23,25.69,30.07,21.89,28.93,27.32,28.15,28.49,25.70,24.90,25.0,4.00,20.00,31.51,23.40,5.98
2025-03-11 15:17:25,25.69,30.23,21.63,28.83,27.29,28.10,28.44,25.52,24.89,25.0,4.00,20.00,31.53,23.48,6.32
2025-03-11 15:17:27,25.69,30.35,21.39,28.75,27.29,28.07,28.42,25.78,24.91,25.0,4.00,20.00,31.50,23.50,6.62
2025-03-11 15:17:29,25.69,30.70,21.16,28.66,27.27,28.04,28.38,25.83,24.91,25.0,4.00,20.00,31.50,23.43,6.97
2025-03-11 15:17:31,25.69,30.68,20.94,28.55,27.25,27.99,28.33,25.82,24.92,25.0,4.00,20.00,31.48,23.40,7.04
2025-03-11 15:17:33,25.69,31.01,20.71,28.44,27.23,27.94,28.29,26.07,24.92,25.0,4.00,20.00,31.52,23.45,6.90
2025-03-11 15:17:35,25.69,30.92,20.48,28.32,27.19,27.89,28.23,26.06,24.92,25.0,4.00,20.00,31.51,23.50,6.97
2025-03-11 15:17:37,25.69,31.05,20.26,28.21,27.16,27.83,28.17,25.99,24.92,25.0,4.00,20.00,31.49,23.50,7.57
2025-03-11 15:17:39,25.69,30.92,20.05,28.08,27.13,27.77,28.10,25.93,24.92,25.0,4.00,20.00,31.54,23.50,8.68
2025-03-11 15:17:41,25.69,31.06,19.85,27.93,27.10,27.70,28.04,25.80,24.92,25.0,3.90,20.00,31.44,23.50,9.97
2025-03-11 15:17:43,25.69,30.96,19.66,27.80,27.06,27.63,27.96,25.59,24.91,25.0,3.90,20.00,31.47,23.50,10.00
2025-03-11 15:17:44,25.69,30.76,19.47,27.67,27.03,27.56,27.90,26.02,24.91,25.0,3.90,20.00,31.43,23.50,9.51
2025-03-11 15:17:46,25.69,30.99,19.32,27.54,26.98,27.49,27.83,25.90,24.91,25.0,3.59,20.00,31.40,23.50,9.11
2025-03-11 15:17:48,25.69,31.04,19.17,27.40,26.95,27.42,27.75,25.86,24.91,25.0,3.59,20.00,31.42,23.50,9.10
2025-03-11 15:17:50,25.69,30.83,19.01,27.25,26.90,27.33,27.68,26.06,24.91,25.0,3.59,20.00,31.38,23.50,10.14
2025-03-11 15:17:52,25.69,30.76,18.88,27.11,26.86,27.25,27.60,25.95,24.92,25.0,3.40,20.00,31.47,23.50,10.48
2025-03-11 15:17:54,25.69,30.83,18.75,26.97,26.82,27.17,27.52,26.08,24.92,25.0,3.40,20.00,31.37,23.50,10.31
2025-03-11 15:17:56,25.69,30.91,18.61,26.81,26.77,27.08,27.44,26.04,24.93,25.0,3.40,20.00,31.34,23.50,10.12
2025-03-11 15:17:58,25.69,30.95,18.52,26.66,26.71,27.00,27.35,25.81,24.93,25.0,3.10,20.00,31.35,23.50,9.75
2025-03-11 15:18:00,25.69,30.79,18.43,26.52,26.66,26.91,27.27,26.07,24.95,25.0,3.10,20.00,31.32,23.59,9.70
2025-03-11 15:18:02,25.69,30.63,18.31,26.36,26.60,26.81,27.16,25.84,24.94,25.0,3.10,20.00,31.38,23.60,9.62
2025-03-11 15:18:04,25.69,30.77,18.35,26.21,26.56,26.72,27.08,26.01,24.95,25.0,2.36,20.00,31.32,23.60,9.52
2025-03-11 15:18:05,25.69,30.12,18.34,26.06,26.51,26.63,26.99,25.84,24.96,25.0,2.36,20.00,31.28,23.60,9.20
2025-03-11 15:18:07,25.69,30.57,18.30,25.90,26.44,26.52,26.89,25.92,24.96,25.0,2.36,20.00,31.26,23.60,8.83
2025-03-11 15:18:09,25.69,30.48,18.20,25.74,26.39,26.42,26.78,25.88,24.96,25.0,2.72,20.00,31.25,23.60,8.52
2025-03-11 15:18:11,25.69,30.39,18.08,25.60,26.34,26.32,26.69,25.94,24.97,25.0,2.72,20.00,31.25,23.60,8.19
2025-03-11 15:18:13,25.69,30.32,18.00,25.45,26.27,26.23,26.60,25.98,24.96,25.0,2.72,20.00,31.23,23.60,8.00
2025-03-11 15:18:15,25.69,30.43,18.03,25.31,26.21,26.12,26.49,25.89,24.97,25.0,2.10,20.00,31.22,23.60,8.03
2025-03-11 15:18:17,25.69,30.16,18.02,25.15,26.15,26.03,26.39,25.98,24.98,25.0,2.10,20.00,31.24,23.60,8.05
2025-03-11 15:18:19,25.69,29.88,17.99,24.99,26.08,25.91,26.28,25.86,24.96,25.0,2.10,20.00,31.17,23.60,7.81
2025-03-11 15:18:21,25.69,29.85,18.04,24.85,26.01,25.81,26.18,25.87,24.97,25.0,1.76,20.00,31.21,23.60,7.60
2025-03-11 15:18:23,25.70,29.48,18.06,24.71,25.95,25.70,26.08,25.92,24.96,25.0,1.76,20.00,31.14,23.60,7.41
2025-03-11 15:18:25,25.70,29.50,18.06,24.57,25.89,25.61,25.98,26.06,24.95,25.0,1.42,20.00,31.18,23.60,7.40
2025-03-11 15:18:26,25.70,29.27,18.13,24.42,25.81,25.49,25.87,25.84,24.94,25.0,1.42,20.00,31.10,23.70,7.59
2025-03-11 15:18:28,25.70,29.16,18.18,24.27,25.74,25.38,25.77,26.00,24.93,25.0,1.42,20.00,31.12,23.60,7.69
2025-03-11 15:18:30,25.70,29.20,18.20,24.13,25.67,25.27,25.65,25.83,24.91,25.0,1.42,20.00,31.08,23.69,7.79
2025-03-11 15:18:32,25.70,28.97,18.31,23.99,25.60,25.16,25.56,25.92,24.91,25.0,1.03,20.00,31.08,23.70,7.89
2025-03-11 15:18:34,25.70,28.60,18.38,23.85,25.52,25.05,25.45,25.73,24.91,25.0,1.03,20.00,31.04,23.70,8.08
2025-03-11 15:18:36,25.70,28.44,18.45,23.72,25.45,24.94,25.33,25.65,24.91,25.0,0.67,20.00,31.03,23.70,8.63
2025-03-11 15:18:38,25.70,28.56,18.60,23.59,25.38,24.84,25.24,25.77,24.91,25.0,0.67,20.00,31.04,23.61,8.70
2025-03-11 15:18:40,25.70,28.25,18.70,23.46,25.32,24.74,25.15,25.80,24.91,25.0,0.67,20.00,31.02,23.68,8.78
2025-03-11 15:18:42,25.70,28.11,18.81,23.35,25.25,24.63,25.04,25.65,24.91,25.0,0.67,20.00,31.05,23.70,9.04
2025-03-11 15:18:44,25.70,27.80,18.97,23.22,25.17,24.53,24.94,25.81,24.91,25.0,0.34,20.00,31.00,23.70,9.10
2025-03-11 15:18:46,25.70,27.68,19.11,23.11,25.10,24.43,24.84,25.77,24.92,25.0,0.34,20.00,31.02,23.70,9.03
2025-03-11 15:18:47,25.70,27.54,19.22,22.99,25.03,24.32,24.75,26.04,24.91,25.0,0.04,20.00,30.98,23.70,8.94
2025-03-11 15:18:49,25.70,27.25,19.40,22.88,24.97,24.23,24.65,25.94,24.91,25.0,0.04,20.00,30.98,23.70,8.79
2025-03-11 15:18:51,25.70,27.07,19.56,22.77,24.90,24.14,24.55,25.81,24.92,25.0,0.04,20.00,30.96,23.70,8.75
2025-03-11 15:18:53,25.70,26.92,19.70,22.68,24.83,24.04,24.47,25.97,24.92,25.0,0.04,20.00,30.92,23.70,8.74
2025-03-11 15:18:55,25.70,26.71,19.93,22.59,24.77,23.95,24.38,25.90,24.91,25.0,0.33,20.00,30.92,23.70,8.55
2025-03-11 15:18:57,25.70,26.67,20.11,22.48,24.70,23.85,24.27,25.83,24.91,25.0,0.33,20.00,30.87,23.70,8.31
2025-03-11 15:18:59,25.70,26.45,20.29,22.40,24.63,23.77,24.18,25.90,24.92,25.0,0.33,20.00,30.87,23.70,8.40
2025-03-11 15:19:01,25.70,26.25,20.51,22.31,24.56,23.67,24.11,25.85,24.93,25.0,0.59,20.00,30.85,23.70,8.30
2025-03-11 15:19:03,25.70,26.11,20.72,22.24,24.50,23.60,24.02,25.74,24.93,25.0,0.59,20.00,30.84,23.70,8.11
2025-03-11 15:19:05,25.70,25.95,20.90,22.15,24.43,23.50,23.93,25.81,24.94,25.0,0.59,20.00,30.83,23.70,8.00
2025-03-11 15:19:06,25.70,25.65,21.13,22.08,24.36,23.42,23.85,25.59,24.94,25.0,0.83,20.00,30.81,23.70,7.81
2025-03-11 15:19:08,25.70,25.52,21.36,22.02,24.31,23.35,23.78,26.08,24.97,25.0,0.83,20.00,30.82,23.70,7.71
2025-03-11 15:19:10,25.70,25.40,21.55,21.96,24.24,23.27,23.71,26.06,24.97,25.0,1.12,20.00,30.79,23.79,7.70
2025-03-11 15:19:12,25.70,25.65,21.81,21.90,24.19,23.20,23.63,26.04,24.97,25.0,1.12,20.00,30.85,23.71,7.97
2025-03-11 15:19:14,25.70,25.52,22.05,21.85,24.12,23.13,23.57,26.21,24.98,25.0,1.12,20.00,30.78,23.70,8.45
2025-03-11 15:19:16,25.70,25.10,22.28,21.81,24.07,23.06,23.51,26.10,24.98,25.0,1.12,20.00,30.78,23.79,8.94
2025-03-11 15:19:18,25.70,25.07,22.54,21.77,24.02,23.00,23.45,26.12,24.96,25.0,1.32,20.00,30.75,23.72,9.76
2025-03-11 15:19:20,25.70,25.10,22.79,21.73,23.97,22.94,23.38,26.18,24.96,25.0,1.32,20.00,30.74,23.78,10.46
2025-03-11 15:19:22,25.70,25.05,23.02,21.71,23.92,22.88,23.33,25.90,24.95,25.0,1.48,20.00,30.74,23.80,10.98
2025-03-11 15:19:24,25.70,24.88,23.28,21.68,23.87,22.82,23.28,26.01,24.96,25.0,1.48,20.00,30.73,23.80,11.60
2025-03-11 15:19:26,25.70,24.69,23.53,21.65,23.81,22.77,23.22,25.92,24.94,25.0,1.48,20.00,30.72,23.80,11.60
2025-03-11 15:19:27,25.70,24.56,23.76,21.64,23.77,22.73,23.18,25.97,24.93,25.0,1.48,20.00,30.71,23.80,11.27
2025-03-11 15:19:29,25.70,24.47,24.03,21.63,23.73,22.67,23.12,25.75,24.92,25.0,1.64,20.00,30.70,23.80,10.91
2025-03-11 15:19:31,25.70,24.31,24.28,21.63,23.68,22.63,23.08,25.72,24.92,25.0,1.64,20.00,30.70,23.80,10.49
2025-03-11 15:19:33,25.70,24.23,24.51,21.63,23.64,22.60,23.05,25.95,24.92,25.0,1.71,20.00,30.69,23.80,10.00
2025-03-11 15:19:35,25.70,24.32,24.76,21.63,23.59,22.56,23.01,26.06,24.92,25.0,1.71,20.00,30.73,23.80,9.59
2025-03-11 15:19:37,25.70,24.30,24.99,21.64,23.55,22.53,22.97,25.92,24.91,25.0,1.71,20.00,30.68,23.80,9.11
2025-03-11 15:19:39,25.70,24.09,25.21,21.65,23.52,22.50,22.95,25.98,24.91,25.0,1.82,20.00,30.66,23.80,8.81
2025-03-11 15:19:41,25.70,24.27,25.46,21.67,23.49,22.47,22.92,25.84,24.90,25.0,1.82,20.00,30.67,23.80,8.41
2025-03-11 15:19:43,25.70,24.23,25.71,21.71,23.46,22.46,22.90,26.02,24.91,25.0,1.82,20.00,30.65,23.80,8.30
2025-03-11 15:19:45,25.70,24.07,25.92,21.73,23.43,22.43,22.89,26.16,24.91,25.0,1.82,20.00,30.72,23.80,8.49
2025-03-11 15:19:47,25.70,24.30,26.12,21.76,23.40,22.42,22.88,26.18,24.92,25.0,1.76,20.00,30.67,23.80,8.59
2025-03-11 15:19:48,25.70,23.99,26.31,21.80,23.38,22.40,22.85,25.63,24.90,25.0,1.76,20.00,30.65,23.80,8.41
2025-03-11 15:19:50,25.70,24.03,26.50,21.84,23.34,22.40,22.85,25.67,24.90,25.0,1.90,20.00,30.67,23.80,8.22
2025-03-11 15:19:52,25.71,23.86,26.73,21.90,23.34,22.40,22.85,25.59,24.91,25.0,1.90,20.00,30.66,23.80,8.02
2025-03-11 15:19:54,25.71,23.76,26.95,21.95,23.32,22.40,22.85,25.96,24.92,25.0,1.90,20.00,30.68,23.80,7.91
2025-03-11 15:19:56,25.71,23.82,27.15,22.00,23.30,22.41,22.85,26.12,24.92,25.0,1.78,20.00,30.65,23.80,7.82
2025-03-11 15:19:58,25.71,23.67,27.30,22.06,23.27,22.40,22.85,25.83,24.91,25.0,1.78,20.00,30.65,23.80,7.64
2025-03-11 15:20:00,25.71,23.53,27.47,22.13,23.26,22.41,22.85,25.83,24.92,25.0,1.78,20.00,30.70,23.80,7.37
2025-03-11 15:20:02,25.71,23.63,27.64,22.20,23.26,22.43,22.87,25.76,24.92,25.0,1.78,20.00,30.67,23.80,7.16
2025-03-11 15:20:04,25.71,23.69,27.77,22.27,23.26,22.44,22.89,26.02,24.93,25.0,1.73,20.00,30.65,23.80,6.84
2025-03-11 15:20:06,25.71,23.66,27.93,22.34,23.25,22.47,22.91,26.02,24.92,25.0,1.73,20.00,30.66,23.80,6.47
2025-03-11 15:20:08,25.71,23.52,28.06,22.41,23.23,22.48,22.92,25.75,24.92,25.0,1.63,20.00,30.65,23.80,6.21
2025-03-11 15:20:09,25.71,23.56,28.17,22.49,23.23,22.51,22.94,25.78,24.93,25.0,1.63,20.00,30.67,23.80,6.07
2025-03-11 15:20:11,25.71,23.47,28.29,22.57,23.24,22.53,22.97,25.69,24.92,25.0,1.63,20.00,30.70,23.80,6.00
2025-03-11 15:20:13,25.71,23.38,28.39,22.65,23.22,22.55,22.99,25.58,24.91,25.0,1.63,20.00,30.65,23.80,5.99
2025-03-11 15:20:15,25.71,23.42,28.48,22.75,23.24,22.60,23.03,25.87,24.92,25.0,1.53,20.00,30.65,23.80,5.90
2025-03-11 15:20:17,25.71,23.54,28.58,22.85,23.25,22.64,23.07,26.09,24.94,25.0,1.53,20.00,30.65,23.80,5.80
2025-03-11 15:20:19,25.71,23.60,28.68,22.93,23.26,22.68,23.11,26.05,24.94,25.0,1.53,20.00,30.65,23.80,5.51
2025-03-11 15:20:21,25.71,23.67,28.71,23.04,23.28,22.73,23.14,26.22,24.94,25.0,1.32,20.00,30.69,23.80,5.40
2025-03-11 15:20:23,25.71,23.64,28.75,23.13,23.28,22.76,23.18,25.87,24.92,25.0,1.32,20.00,30.66,23.80,5.30
2025-03-11 15:20:25,25.71,23.70,28.79,23.22,23.29,22.80,23.23,25.95,24.93,25.0,1.32,20.00,30.70,23.80,5.21
2025-03-11 15:20:27,25.71,23.80,28.81,23.32,23.32,22.86,23.27,25.91,24.94,25.0,1.19,20.00,30.68,23.89,5.29
2025-03-11 15:20:29,25.71,23.69,28.84,23.42,23.32,22.91,23.32,25.77,24.92,25.0,1.19,20.00,30.69,23.90,5.30
2025-03-11 15:20:30,25.71,23.70,28.87,23.52,23.35,22.97,23.38,25.97,24.94,25.0,1.19,20.00,30.69,23.90,5.30
2025-03-11 15:20:32,25.71,23.92,28.85,23.62,23.37,23.01,23.42,25.85,24.92,25.0,1.02,20.00,30.70,23.81,5.30
2025-03-11 15:20:34,25.71,23.84,28.85,23.72,23.39,23.06,23.48,25.72,24.92,25.0,1.02,20.00,30.69,23.89,5.64
2025-03-11 15:20:36,25.71,24.07,28.85,23.81,23.41,23.12,23.53,25.76,24.91,25.0,1.02,20.00,30.70,23.82,5.70
2025-03-11 15:20:38,25.71,23.96,28.81,23.92,23.44,23.18,23.59,26.17,24.93,25.0,0.82,20.00,30.73,23.88,6.01
2025-03-11 15:20:40,25.71,24.03,28.78,24.00,23.45,23.23,23.63,25.89,24.91,25.0,0.82,20.00,30.73,23.83,6.32
2025-03-11 15:20:42,25.71,24.01,28.75,24.10,23.48,23.29,23.68,25.92,24.91,25.0,0.68,20.00,30.77,23.87,6.40
2025-03-11 15:20:44,25.71,24.30,28.71,24.21,23.52,23.36,23.76,26.10,24.92,25.0,0.68,20.00,30.75,23.84,6.34
2025-03-11 15:20:46,25.71,24.26,28.67,24.31,23.56,23.43,23.82,26.22,24.92,25.0,0.68,20.00,30.77,23.85,6.20
2025-03-11 15:20:48,25.71,24.23,28.64,24.40,23.57,23.48,23.87,26.11,24.92,25.0,0.41,20.00,30.77,23.86,6.03
2025-03-11 15:20:50,25.71,24.46,28.53,24.48,23.60,23.53,23.92,25.99,24.92,25.0,0.41,20.00,30.76,23.83,5.88
2025-03-11 15:20:51,25.71,24.57,28.44,24.58,23.64,23.61,23.99,25.97,24.91,25.0,0.41,20.00,30.77,23.90,5.80
2025-03-11 15:20:53,25.71,24.59,28.38,24.66,23.66,23.65,24.04,25.78,24.90,25.0,0.29,20.00,30.76,23.90,5.80
2025-03-11 15:20:55,25.71,24.54,28.28,24.74,23.70,23.72,24.11,26.06,24.90,25.0,0.29,20.00,30.78,23.90,5.70
2025-03-11 15:20:57,25.71,24.81,28.21,24.84,23.73,23.78,24.16,26.17,24.90,25.0,0.29,20.00,30.78,23.90,5.89
2025-03-11 15:20:59,25.71,24.76,28.14,24.92,23.76,23.85,24.22,26.20,24.90,25.0,0.29,20.00,30.80,23.90,6.00
2025-03-11 15:21:01,25.71,24.78,28.03,24.99,23.79,23.90,24.28,25.74,24.89,25.0,0.11,20.00,30.79,23.90,5.90
2025-03-11 15:21:03,25.71,24.66,27.93,25.07,23.83,23.97,24.34,26.04,24.89,25.0,0.11,20.00,30.81,23.90,5.81
2025-03-11 15:21:05,25.71,24.95,27.86,25.16,23.87,24.04,24.41,25.88,24.89,25.0,0.11,20.00,30.81,23.90,5.80
2025-03-11 15:21:07,25.71,25.13,27.75,25.24,23.92,24.10,24.47,26.40,24.89,25.0,0.03,20.00,30.83,23.90,6.08
2025-03-11 15:21:09,25.71,25.18,27.61,25.30,23.94,24.16,24.52,26.15,24.89,25.0,0.03,20.00,30.82,23.90,6.10
2025-03-11 15:21:10,25.71,25.27,27.54,25.37,23.98,24.21,24.57,26.25,24.89,25.0,0.03,20.00,30.84,23.90,6.36
2025-03-11 15:21:12,25.71,24.97,27.39,25.41,24.00,24.25,24.62,25.97,24.87,25.0,0.23,20.00,30.84,23.90,6.57
2025-03-11 15:21:14,25.71,24.98,27.28,25.48,24.04,24.31,24.68,26.08,24.88,25.0,0.23,20.00,30.89,23.90,6.52
2025-03-11 15:21:16,25.71,25.26,27.19,25.55,24.08,24.37,24.73,26.14,24.88,25.0,0.31,20.00,30.93,23.90,6.66
2025-03-11 15:21:18,25.71,25.11,27.07,25.60,24.10,24.41,24.77,25.98,24.88,25.0,0.31,20.00,30.92,23.90,6.63
2025-03-11 15:21:20,25.71,25.22,26.97,25.66,24.14,24.48,24.84,26.07,24.89,25.0,0.31,20.00,30.97,23.90,6.53
2025-03-11 15:21:22,25.71,25.58,26.88,25.69,24.17,24.51,24.88,26.09,24.88,25.0,0.31,20.00,30.92,23.90,6.44
2025-03-11 15:21:24,25.71,25.58,26.76,25.75,24.21,24.58,24.92,25.93,24.88,25.0,0.48,20.00,30.92,23.90,6.30
2025-03-11 15:21:26,25.71,25.65,26.63,25.78,24.23,24.62,24.97,26.08,24.88,25.0,0.48,20.00,30.91,23.90,6.20
2025-03-11 15:21:28,25.71,25.73,26.52,25.84,24.28,24.67,25.02,26.05,24.88,25.0,0.48,20.00,30.91,23.90,6.17
2025-03-11 15:21:30,25.71,25.85,26.42,25.86,24.32,24.72,25.07,26.05,24.89,25.0,0.51,20.00,30.93,23.90,6.09
2025-03-11 15:21:31,25.71,25.59,26.31,25.89,24.33,24.76,25.11,26.07,24.90,25.0,0.51,20.00,30.96,23.90,6.00
2025-03-11 15:21:33,25.71,25.53,26.21,25.92,24.37,24.79,25.14,25.96,24.88,25.0,0.51,20.00,30.94,23.90,5.80
2025-03-11 15:21:35,25.71,25.64,26.10,25.95,24.39,24.84,25.18,26.08,24.89,25.0,0.63,20.00,31.02,23.90,5.80
2025-03-11 15:21:37,25.71,25.77,25.99,25.98,24.43,24.88,25.22,26.13,24.89,25.0,0.63,20.00,30.96,24.00,5.70
2025-03-11 15:21:39,25.71,25.96,25.89,26.00,24.45,24.91,25.26,25.96,24.89,25.0,0.63,20.00,31.04,23.90,5.60
2025-03-11 15:21:41,25.71,25.86,25.75,26.01,24.47,24.93,25.28,25.81,24.89,25.0,0.76,20.00,30.94,23.90,5.51
2025-03-11 15:21:43,25.71,25.65,25.61,26.01,24.49,24.97,25.30,25.76,24.87,25.0,0.76,20.00,31.02,23.90,5.59
2025-03-11 15:21:45,25.71,25.86,25.52,26.03,24.52,25.00,25.34,25.82,24.89,25.0,0.64,20.00,30.95,23.90,5.42
2025-03-11 15:21:47,25.71,25.99,25.44,26.04,24.54,25.03,25.36,25.78,24.88,25.0,0.64,20.00,30.97,23.90,5.22
2025-03-11 15:21:49,25.71,26.27,25.37,26.05,24.57,25.06,25.40,25.76,24.89,25.0,0.64,20.00,30.95,23.90,5.11
2025-03-11 15:21:51,25.71,26.17,25.29,26.04,24.59,25.07,25.41,25.72,24.88,25.0,0.64,20.00,30.94,23.90,5.27
2025-03-11 15:21:52,25.71,26.15,25.21,26.06,24.61,25.11,25.44,26.19,24.89,25.0,0.75,20.00,30.96,23.98,5.46
2025-03-11 15:21:54,25.71,26.17,25.10,26.06,24.62,25.12,25.46,26.18,24.89,25.0,0.75,20.00,30.96,23.92,5.58
2025-03-11 15:21:56,25.71,26.34,25.02,26.06,24.65,25.14,25.49,26.24,24.89,25.0,0.80,20.00,30.98,23.97,5.60
2025-03-11 15:21:58,25.71,26.38,24.91,26.03,24.66,25.15,25.49,26.19,24.89,25.0,0.80,20.00,30.96,24.00,5.60
2025-03-11 15:22:00,25.71,26.25,24.83,26.03,24.68,25.17,25.51,26.10,24.89,25.0,0.80,20.00,30.99,23.94,5.60
2025-03-11 15:22:02,25.71,26.20,24.75,26.02,24.70,25.19,25.53,26.07,24.89,25.0,0.74,20.00,30.97,23.95,5.55
2025-03-11 15:22:04,25.71,26.25,24.69,26.01,24.70,25.19,25.52,25.90,24.89,25.0,0.74,20.00,30.99,23.96,5.42
2025-03-11 15:22:06,25.71,26.00,24.62,25.99,24.72,25.20,25.54,25.86,24.88,25.0,0.74,20.00,30.97,23.93,5.27
2025-03-11 15:22:08,25.71,26.05,24.54,25.97,24.73,25.20,25.54,25.63,24.88,25.0,0.74,20.00,30.97,23.99,5.19
2025-03-11 15:22:10,25.71,26.41,24.48,25.96,24.74,25.21,25.54,25.83,24.88,25.0,0.74,20.00,30.98,23.90,5.10
2025-03-11 15:22:12,25.71,26.40,24.41,25.93,24.75,25.21,25.55,25.93,24.87,25.0,0.74,20.00,30.96,23.90,5.10
2025-03-11 15:22:13,25.71,26.42,24.35,25.90,24.75,25.21,25.55,25.95,24.87,25.0,0.74,20.00,30.97,24.00,5.10
2025-03-11 15:22:15,25.71,26.47,24.30,25.87,24.75,25.20,25.54,25.70,24.87,25.0,0.70,20.00,30.98,24.00,5.10
2025-03-11 15:22:17,25.71,26.58,24.23,25.85,24.75,25.20,25.54,25.67,24.87,25.0,0.70,20.00,30.97,24.00,5.20
2025-03-11 15:22:19,25.71,26.54,24.19,25.83,24.77,25.20,25.54,25.73,24.87,25.0,0.70,20.00,31.03,24.00,5.29
2025-03-11 15:22:21,25.71,26.28,24.15,25.80,24.78,25.21,25.54,25.96,24.88,25.0,0.64,20.00,30.98,23.91,5.30
2025-03-11 15:22:23,25.71,26.21,24.12,25.77,24.79,25.20,25.54,25.83,24.88,25.0,0.64,20.00,31.04,23.99,5.30
2025-03-11 15:22:25,25.71,26.48,24.08,25.74,24.78,25.20,25.54,25.73,24.89,25.0,0.64,20.00,30.97,24.00,5.12
2025-03-11 15:22:27,25.71,27.06,24.06,25.72,24.80,25.19,25.54,25.97,24.89,25.0,0.62,20.00,30.98,24.00,5.19
2025-03-11 15:22:29,25.71,26.62,24.03,25.68,24.79,25.19,25.53,26.06,24.89,25.0,0.62,20.00,30.97,24.00,5.20
2025-03-11 15:22:31,25.71,26.77,23.98,25.66,24.80,25.17,25.52,25.99,24.88,25.0,0.62,20.00,30.98,24.00,5.28
2025-03-11 15:22:32,25.71,26.92,23.96,25.61,24.79,25.15,25.50,26.06,24.89,25.0,0.56,20.00,31.04,24.00,5.30
2025-03-11 15:22:34,25.71,26.79,23.93,25.57,24.79,25.14,25.49,26.10,24.89,25.0,0.56,20.00,30.98,23.93,5.23
2025-03-11 15:22:36,25.71,26.67,23.90,25.55,24.79,25.13,25.48,26.08,24.90,25.0,0.56,20.00,30.97,23.97,5.41
2025-03-11 15:22:38,25.71,26.82,23.90,25.50,24.79,25.11,25.46,25.93,24.88,25.0,0.47,20.00,30.97,24.00,5.37
2025-03-11 15:22:40,25.71,26.56,23.89,25.48,24.78,25.10,25.45,25.85,24.88,25.0,0.47,20.00,31.00,24.00,5.30
2025-03-11 15:22:42,25.71,26.52,23.87,25.44,24.78,25.08,25.44,26.32,24.89,25.0,0.47,20.00,31.00,24.00,5.34
2025-03-11 15:22:44,25.71,26.73,23.87,25.40,24.76,25.07,25.42,26.14,24.89,25.0,0.45,20.00,30.96,24.00,5.46
2025-03-11 15:22:46,25.71,26.46,23.85,25.37,24.76,25.04,25.40,25.82,24.87,25.0,0.45,20.00,30.95,23.99,5.61
2025-03-11 15:22:48,25.71,26.22,23.83,25.32,24.74,25.02,25.37,25.55,24.87,25.0,0.45,20.00,30.96,23.90,5.70
2025-03-11 15:22:50,25.71,26.34,23.83,25.28,24.73,25.00,25.36,25.55,24.88,25.0,0.35,20.00,31.03,24.00,5.80
2025-03-11 15:22:52,25.71,26.52,23.86,25.26,24.74,24.99,25.35,25.85,24.89,25.0,0.35,20.00,30.95,24.00,5.99
2025-03-11 15:22:53,25.71,26.49,23.86,25.22,24.73,24.97,25.33,25.83,24.89,25.0,0.35,20.00,30.98,24.00,6.00
2025-03-11 15:22:55,25.71,26.48,23.87,25.19,24.73,24.95,25.31,25.67,24.87,25.0,0.27,20.00,30.93,24.00,6.00
2025-03-11 15:22:57,25.71,26.34,23.88,25.15,24.72,24.93,25.29,25.52,24.86,25.0,0.27,20.00,30.94,24.00,5.90
2025-03-11 15:22:59,25.71,25.99,23.88,25.11,24.70,24.91,25.27,25.78,24.88,25.0,0.27,20.00,30.94,24.00,5.81
2025-03-11 15:23:01,25.71,26.39,23.91,25.09,24.69,24.88,25.24,25.43,24.85,25.0,0.19,20.00,30.94,24.00,5.80
2025-03-11 15:23:03,25.71,26.22,23.92,25.03,24.68,24.85,25.23,25.75,24.87,25.0,0.19,20.00,30.93,24.00,5.80
2025-03-11 15:23:05,25.71,26.30,23.94,25.01,24.67,24.84,25.20,25.63,24.87,25.0,0.08,20.00,30.93,24.00,5.98
2025-03-11 15:23:07,25.71,26.54,23.98,24.97,24.65,24.81,25.19,25.63,24.87,25.0,0.08,20.00,30.93,24.00,6.09
2025-03-11 15:23:09,25.71,26.57,24.02,24.95,24.65,24.80,25.17,25.89,24.88,25.0,0.08,20.00,30.93,24.00,6.02
2025-03-11 15:23:11,25.71,26.53,24.05,24.92,24.65,24.78,25.16,26.08,24.89,25.0,0.08,20.00,30.91,24.00,6.08
2025-03-11 15:23:13,25.71,26.35,24.09,24.89,24.64,24.75,25.13,25.97,24.88,25.0,0.08,20.00,30.92,24.00,6.48
2025-03-11 15:23:14,25.71,26.26,24.10,24.86,24.62,24.73,25.10,26.00,24.89,25.0,0.08,20.00,30.92,24.00,6.67
2025-03-11 15:23:16,25.71,26.25,24.12,24.82,24.60,24.71,25.08,25.87,24.88,25.0,0.08,20.00,30.92,24.00,6.82
2025-03-11 15:23:18,25.71,26.18,24.17,24.80,24.59,24.68,25.06,26.04,24.88,25.0,0.01,20.00,30.92,24.00,6.95
2025-03-11 15:23:20,25.71,26.24,24.20,24.77,24.58,24.67,25.04,25.98,24.90,25.0,0.01,20.00,30.91,24.00,7.00
2025-03-11 15:23:22,25.71,25.94,24.23,24.75,24.58,24.65,25.03,25.98,24.91,25.0,0.01,20.00,30.91,24.00,7.03
2025-03-11 15:23:24,25.71,25.89,24.29,24.73,24.57,24.65,25.01,26.17,24.90,25.0,0.10,20.00,30.90,24.00,7.15
2025-03-11 15:23:26,25.71,25.91,24.33,24.70,24.56,24.61,25.00,26.05,24.92,25.0,0.10,20.00,30.91,24.00,7.39
2025-03-11 15:23:28,25.71,25.95,24.37,24.68,24.54,24.59,24.98,26.39,24.92,25.0,0.10,20.00,30.89,24.00,7.69
2025-03-11 15:23:30,25.71,25.77,24.40,24.65,24.52,24.56,24.96,26.20,24.91,25.0,0.13,20.00,30.92,24.00,8.38
2025-03-11 15:23:32,25.71,25.86,24.45,24.65,24.52,24.55,24.94,26.24,24.91,25.0,0.13,20.00,30.88,24.00,8.98
2025-03-11 15:23:34,25.71,25.99,24.48,24.63,24.51,24.54,24.93,26.36,24.93,25.0,0.13,20.00,30.95,24.00,9.29
2025-03-11 15:23:35,25.71,26.06,24.52,24.61,24.51,24.52,24.91,26.19,24.91,25.0,0.16,20.00,30.88,24.00,9.78
2025-03-11 15:23:37,25.71,26.02,24.55,24.58,24.48,24.49,24.88,26.06,24.91,25.0,0.16,20.00,30.88,24.00,10.27
2025-03-11 15:23:39,25.71,25.77,24.57,24.56,24.47,24.48,24.87,26.05,24.91,25.0,0.16,20.00,30.88,24.00,10.95
2025-03-11 15:23:41,25.71,25.83,24.64,24.55,24.45,24.45,24.84,25.80,24.90,25.0,0.27,20.00,30.87,24.00,11.73
2025-03-11 15:23:43,25.71,25.86,24.69,24.53,24.45,24.44,24.83,25.87,24.90,25.0,0.27,20.00,30.88,24.00,12.78
2025-03-11 15:23:45,25.71,25.85,24.73,24.51,24.43,24.41,24.81,25.74,24.89,25.0,0.29,20.00,30.87,24.00,13.50
2025-03-11 15:23:47,25.71,25.97,24.78,24.50,24.42,24.40,24.80,26.09,24.89,25.0,0.29,20.00,30.87,24.00,13.85
2025-03-11 15:23:49,25.71,25.89,24.83,24.49,24.41,24.39,24.79,26.05,24.88,25.0,0.29,20.00,30.86,24.00,13.74
2025-03-11 15:23:51,25.71,25.84,24.86,24.48,24.40,24.38,24.77,26.10,24.89,25.0,0.29,20.00,30.87,24.00,13.63
2025-03-11 15:23:53,25.71,25.61,24.92,24.47,24.39,24.36,24.76,25.84,24.89,25.0,0.33,20.00,30.87,24.00,13.25
2025-03-11 15:23:54,25.71,25.28,24.97,24.46,24.37,24.34,24.75,25.76,24.88,25.0,0.33,20.00,30.89,24.00,12.59
2025-03-11 15:23:56,25.71,25.22,25.01,24.46,24.38,24.34,24.75,26.02,24.89,25.0,0.33,20.00,30.88,24.00,11.97
2025-03-11 15:23:58,25.71,25.34,25.05,24.45,24.36,24.33,24.73,26.09,24.90,25.0,0.37,20.00,30.90,24.00,11.34
2025-03-11 15:24:00,25.71,25.39,25.10,24.43,24.34,24.31,24.71,26.03,24.89,25.0,0.37,20.00,30.89,24.00,10.74
2025-03-11 15:24:02,25.71,25.75,25.14,24.44,24.33,24.31,24.70,25.96,24.89,25.0,0.37,20.00,30.87,24.00,10.33
2025-03-11 15:24:04,25.71,25.60,25.21,24.44,24.34,24.30,24.70,25.89,24.89,25.0,0.42,20.00,30.92,24.00,10.01
2025-03-11 15:24:06,25.71,25.62,25.26,24.45,24.33,24.29,24.70,26.06,24.90,25.0,0.42,20.00,30.86,24.00,9.90
2025-03-11 15:24:08,25.71,25.57,25.30,24.45,24.33,24.29,24.68,26.13,24.90,25.0,0.34,20.00,30.90,24.00,10.00
2025-03-11 15:24:10,25.71,25.82,25.32,24.45,24.32,24.28,24.67,26.16,24.89,25.0,0.34,20.00,30.85,24.00,10.68
2025-03-11 15:24:12,25.71,25.89,25.35,24.45,24.31,24.26,24.66,26.08,24.88,25.0,0.34,20.00,30.85,24.00,11.28
2025-03-11 15:24:14,25.71,25.72,25.37,24.44,24.29,24.25,24.66,25.86,24.86,25.0,0.40,20.00,30.85,24.00,11.01
2025-03-11 15:24:15,25.71,25.71,25.42,24.45,24.29,24.26,24.65,26.02,24.87,25.0,0.40,20.00,30.84,24.00,10.62
2025-03-11 15:24:17,25.71,25.69,25.46,24.46,24.29,24.25,24.65,26.03,24.87,25.0,0.40,20.00,30.85,24.00,10.23
2025-03-11 15:24:19,25.71,25.88,25.51,24.47,24.29,24.26,24.65,26.21,24.88,25.0,0.40,20.00,30.85,24.00,9.93
2025-03-11 15:24:21,25.71,25.38,25.53,24.47,24.28,24.25,24.65,25.89,24.86,25.0,0.40,20.00,30.86,24.00,9.63
2025-03-11 15:24:23,25.71,25.53,25.58,24.47,24.27,24.25,24.65,26.15,24.86,25.0,0.40,20.00,30.84,24.00,9.86
2025-03-11 15:24:25,25.71,25.74,25.61,24.49,24.27,24.24,24.65,26.10,24.87,25.0,0.40,20.00,30.88,24.00,10.07
2025-03-11 15:24:27,25.71,25.67,25.65,24.50,24.27,24.25,24.65,26.08,24.86,25.0,0.42,20.00,30.85,24.00,10.10
2025-03-11 15:24:29,25.71,25.79,25.69,24.51,24.27,24.25,24.66,25.94,24.87,25.0,0.42,20.00,30.90,24.00,10.25
2025-03-11 15:24:31,25.71,26.07,25.73,24.52,24.28,24.25,24.65,26.23,24.87,25.0,0.42,20.00,30.87,24.00,10.44
2025-03-11 15:24:33,25.71,25.55,25.74,24.53,24.27,24.25,24.64,26.00,24.86,25.0,0.36,20.00,30.89,24.00,10.50
2025-03-11 15:24:35,25.71,25.47,25.77,24.55,24.27,24.25,24.65,26.22,24.86,25.0,0.36,20.00,30.88,24.00,10.50
2025-03-11 15:24:36,25.71,25.72,25.77,24.56,24.26,24.25,24.65,26.33,24.86,25.0,0.36,20.00,30.87,24.00,10.45
2025-03-11 15:24:38,25.71,25.86,25.79,24.56,24.25,24.25,24.66,26.10,24.85,25.0,0.35,20.00,30.87,24.00,10.44
2025-03-11 15:24:40,25.71,25.92,25.81,24.58,24.26,24.26,24.66,26.14,24.85,25.0,0.35,20.00,30.86,24.00,10.43
2025-03-11 15:24:42,25.71,25.78,25.82,24.59,24.25,24.25,24.65,26.11,24.84,25.0,0.35,20.00,30.83,24.00,10.20
2025-03-11 15:24:44,25.71,25.71,25.85,24.61,24.25,24.26,24.67,26.06,24.85,25.0,0.36,20.00,30.85,24.00,10.00
2025-03-11 15:24:46,25.71,25.69,25.88,24.62,24.25,24.26,24.67,25.82,24.86,25.0,0.36,20.00,30.85,24.00,10.10
2025-03-11 15:24:48,25.71,25.90,25.90,24.63,24.25,24.27,24.67,25.90,24.85,25.0,0.36,20.00,30.88,24.00,10.00
2025-03-11 15:24:50,25.71,25.65,25.91,24.65,24.26,24.28,24.69,25.96,24.85,25.0,0.33,20.00,30.86,24.10,9.90
2025-03-11 15:24:52,25.71,25.69,25.92,24.67,24.26,24.29,24.69,25.98,24.85,25.0,0.33,20.00,30.90,24.00,10.00
2025-03-11 15:24:54,25.71,25.24,25.93,24.67,24.25,24.29,24.69,25.71,24.85,25.0,0.29,20.00,30.86,24.00,9.91
2025-03-11 15:24:56,25.71,25.44,25.95,24.69,24.26,24.30,24.70,25.84,24.86,25.0,0.29,20.00,30.84,24.00,10.09
2025-03-11 15:24:57,25.71,25.20,25.94,24.71,24.26,24.30,24.71,25.83,24.85,25.0,0.29,20.00,30.85,24.00,10.19
2025-03-11 15:24:59,25.71,25.56,25.95,24.73,24.27,24.32,24.72,26.03,24.86,25.0,0.29,20.00,30.85,24.00,9.84
2025-03-11 15:25:01,25.71,25.29,25.97,24.75,24.27,24.32,24.73,25.98,24.86,25.0,0.29,20.00,30.90,24.00,9.89
2025-03-11 15:25:03,25.71,25.47,25.99,24.78,24.29,24.34,24.75,26.13,24.86,25.0,0.29,20.00,30.86,24.00,10.15
2025-03-11 15:25:05,25.71,25.43,26.00,24.79,24.29,24.35,24.75,25.77,24.85,25.0,0.29,20.00,30.89,24.00,11.01
2025-03-11 15:25:07,25.71,24.93,25.97,24.80,24.29,24.36,24.76,25.61,24.84,25.0,0.19,20.00,30.88,24.00,11.97
2025-03-11 15:25:09,25.71,25.42,25.96,24.83,24.30,24.38,24.77,25.87,24.86,25.0,0.19,20.00,30.86,24.00,12.48
2025-03-11 15:25:11,25.71,25.57,25.95,24.84,24.30,24.38,24.78,25.86,24.86,25.0,0.19,20.00,30.86,24.00,12.73
2025-03-11 15:25:13,25.71,25.30,25.94,24.86,24.30,24.39,24.79,25.85,24.87,25.0,0.20,20.00,30.85,24.00,13.09
2025-03-11 15:25:15,25.71,25.53,25.94,24.87,24.30,24.40,24.80,25.91,24.87,25.0,0.20,20.00,30.86,24.00,13.34
2025-03-11 15:25:17,25.71,25.38,25.93,24.88,24.30,24.40,24.80,25.82,24.86,25.0,0.19,20.00,30.86,24.04,13.29
2025-03-11 15:25:18,25.71,25.28,25.93,24.90,24.31,24.41,24.81,25.93,24.86,25.0,0.19,20.00,30.87,24.08,12.99
2025-03-11 15:25:20,25.71,25.53,25.93,24.92,24.31,24.43,24.83,25.98,24.86,25.0,0.19,20.00,30.89,24.00,12.58
2025-03-11 15:25:22,25.71,25.45,25.92,24.94,24.33,24.44,24.83,25.97,24.87,25.0,0.19,20.00,30.87,24.00,12.11
2025-03-11 15:25:24,25.71,25.33,25.92,24.96,24.33,24.45,24.86,26.16,24.87,25.0,0.13,20.00,30.90,24.00,11.71
2025-03-11 15:25:26,25.71,25.54,25.90,24.97,24.33,24.46,24.86,25.83,24.86,25.0,0.13,20.00,30.86,24.00,11.80
2025-03-11 15:25:28,25.71,25.48,25.88,24.98,24.34,24.47,24.87,26.09,24.87,25.0,0.13,20.00,30.93,24.00,11.70
2025-03-11 15:25:30,25.71,25.46,25.87,25.00,24.34,24.48,24.88,26.11,24.88,25.0,0.07,20.00,30.87,24.10,11.60
2025-03-11 15:25:32,25.71,25.40,25.84,25.01,24.34,24.49,24.88,25.90,24.88,25.0,0.07,20.00,30.93,24.10,11.22
2025-03-11 15:25:34,25.71,25.58,25.81,25.01,24.35,24.50,24.89,25.73,24.88,25.0,0.07,20.00,30.89,24.01,10.64
2025-03-11 15:25:36,25.71,25.74,25.82,25.04,24.36,24.52,24.92,25.92,24.91,25.0,0.10,20.00,30.90,24.00,10.33
2025-03-11 15:25:37,25.71,25.87,25.80,25.05,24.37,24.53,24.93,26.03,24.91,25.0,0.10,20.00,30.88,24.09,10.21
2025-03-11 15:25:39,25.71,25.74,25.80,25.06,24.38,24.54,24.94,26.00,24.89,25.0,0.10,20.00,30.88,24.01,9.85
2025-03-11 15:25:41,25.71,25.88,25.78,25.08,24.39,24.56,24.95,26.26,24.90,25.0,0.05,20.00,30.89,24.00,9.72
2025-03-11 15:25:43,25.71,25.95,25.77,25.11,24.40,24.57,24.96,26.26,24.89,25.0,0.05,20.00,30.88,24.00,9.46
2025-03-11 15:25:45,25.71,25.91,25.76,25.11,24.40,24.58,24.96,25.74,24.88,25.0,0.05,20.00,30.89,24.00,9.17
2025-03-11 15:25:47,25.71,26.02,25.72,25.12,24.41,24.58,24.98,26.16,24.88,25.0,0.04,20.00,30.88,24.00,8.96
2025-03-11 15:25:49,25.71,25.90,25.68,25.12,24.40,24.59,24.98,25.89,24.87,25.0,0.04,20.00,30.88,24.00,8.77
2025-03-11 15:25:51,25.71,25.88,25.65,25.12,24.42,24.60,24.99,25.91,24.87,25.0,0.04,20.00,30.90,24.00,8.58
2025-03-11 15:25:53,25.71,25.68,25.65,25.14,24.41,24.60,24.99,25.79,24.87,25.0,0.03,20.00,30.89,24.00,8.50
2025-03-11 15:25:55,25.71,25.47,25.65,25.16,24.43,24.62,25.01,25.86,24.87,25.0,0.03,20.00,30.88,24.00,8.58
2025-03-11 15:25:57,25.71,25.58,25.64,25.16,24.44,24.62,25.02,25.89,24.86,25.0,0.03,20.00,30.90,24.00,8.77
2025-03-11 15:25:58,25.71,25.75,25.60,25.16,24.44,24.63,25.02,26.01,24.86,25.0,0.06,20.00,30.90,24.00,9.03
2025-03-11 15:26:00,25.71,25.69,25.58,25.17,24.44,24.65,25.04,26.15,24.86,25.0,0.06,20.00,30.96,24.00,9.49
2025-03-11 15:26:02,25.71,25.65,25.55,25.18,24.44,24.66,25.04,26.11,24.86,25.0,0.06,20.00,30.90,24.00,9.30
2025-03-11 15:26:04,25.71,25.61,25.54,25.19,24.45,24.66,25.04,25.92,24.85,25.0,0.05,20.00,30.98,24.10,8.91
2025-03-11 15:26:06,25.71,25.56,25.52,25.19,24.44,24.66,25.05,26.00,24.85,25.0,0.05,20.00,30.90,24.00,8.80
2025-03-11 15:26:08,25.71,25.51,25.50,25.19,24.45,24.66,25.05,25.81,24.84,25.0,0.05,20.00,30.96,24.00,8.61
2025-03-11 15:26:10,25.71,25.62,25.49,25.19,24.47,24.67,25.05,25.76,24.85,25.0,0.05,20.00,30.91,24.00,8.60
2025-03-11 15:26:12,25.71,25.51,25.48,25.20,24.47,24.69,25.08,25.83,24.86,25.0,0.05,20.00,30.92,24.00,8.51
2025-03-11 15:26:14,25.71,25.52,25.47,25.20,24.48,24.70,25.08,26.04,24.86,25.0,0.05,20.00,30.90,24.00,8.32
2025-03-11 15:26:16,25.71,25.49,25.44,25.20,24.47,24.69,25.08,25.86,24.85,25.0,0.07,20.00,30.91,24.00,8.12
2025-03-11 15:26:18,25.71,25.89,25.42,25.20,24.47,24.69,25.09,25.81,24.85,25.0,0.07,20.00,30.90,24.00,7.92
2025-03-11 15:26:19,25.71,25.89,25.41,25.21,24.48,24.69,25.08,25.81,24.85,25.0,0.07,20.00,30.91,24.00,7.73
2025-03-11 15:26:21,25.71,25.96,25.40,25.21,24.49,24.72,25.11,25.97,24.86,25.0,0.06,20.00,30.91,24.00,7.62
2025-03-11 15:26:23,25.71,26.15,25.39,25.21,24.51,24.73,25.11,26.04,24.86,25.0,0.06,20.00,30.91,24.00,7.68
2025-03-11 15:26:25,25.71,25.89,25.38,25.21,24.49,24.71,25.11,25.70,24.84,25.0,0.10,20.00,30.90,24.00,7.77
2025-03-11 15:26:27,25.71,25.73,25.35,25.21,24.50,24.72,25.11,25.92,24.86,25.0,0.10,20.00,30.91,24.07,7.80
2025-03-11 15:26:29,25.71,25.87,25.34,25.22,24.51,24.73,25.12,26.22,24.86,25.0,0.10,20.00,30.92,24.10,7.92
2025-03-11 15:26:31,25.71,25.81,25.33,25.22,24.52,24.74,25.13,26.40,24.86,25.0,0.10,20.00,30.95,24.05,8.10
2025-03-11 15:26:33,25.71,25.81,25.32,25.21,24.53,24.74,25.12,26.16,24.85,25.0,0.12,20.00,30.95,24.00,8.28
2025-03-11 15:26:35,25.71,25.88,25.29,25.22,24.52,24.75,25.13,26.15,24.85,25.0,0.12,20.00,30.95,24.00,8.48
2025-03-11 15:26:37,25.71,25.94,25.27,25.21,24.52,24.75,25.12,25.95,24.83,25.0,0.11,20.00,30.91,24.01,8.71
2025-03-11 15:26:39,25.71,26.45,25.26,25.22,24.53,24.75,25.13,26.22,24.84,25.0,0.11,20.00,30.92,24.10,8.90
2025-03-11 15:26:40,25.71,26.41,25.24,25.21,24.53,24.76,25.14,26.25,24.84,25.0,0.11,20.00,30.91,24.10,8.90
2025-03-11 15:26:42,25.71,26.34,25.22,25.20,24.52,24.75,25.13,26.26,24.84,25.0,0.11,20.00,30.91,24.10,8.90
2025-03-11 15:26:44,25.71,25.95,25.21,25.19,24.53,24.75,25.14,26.29,24.84,25.0,0.09,20.00,30.91,24.00,8.80
2025-03-11 15:26:46,25.71,25.89,25.21,25.19,24.54,24.75,25.13,26.20,24.83,25.0,0.09,20.00,30.92,24.10,8.61
2025-03-11 15:26:48,25.71,25.91,25.19,25.18,24.52,24.74,25.13,26.06,24.83,25.0,0.07,20.00,30.90,24.01,8.51
2025-03-11 15:26:50,25.71,25.96,25.19,25.19,24.53,24.75,25.14,26.23,24.82,25.0,0.07,20.00,30.91,24.00,8.13
2025-03-11 15:26:52,25.71,26.49,25.19,25.18,24.54,24.75,25.14,25.98,24.83,25.0,0.07,20.00,30.91,24.09,7.82
2025-03-11 15:26:54,25.71,26.30,25.18,25.18,24.54,24.74,25.14,25.85,24.82,25.0,0.09,20.00,30.92,24.01,7.44
2025-03-11 15:26:56,25.71,26.39,25.16,25.16,24.53,24.75,25.12,25.75,24.82,25.0,0.09,20.00,30.92,24.09,7.22
2025-03-11 15:26:58,25.71,26.25,25.15,25.16,24.54,24.75,25.14,26.04,24.84,25.0,0.09,20.00,30.90,24.01,7.20
2025-03-11 15:27:00,25.71,26.17,25.13,25.15,24.53,24.73,25.13,26.04,24.82,25.0,0.09,20.00,30.93,24.08,7.20
2025-03-11 15:27:01,25.71,26.23,25.13,25.15,24.53,24.72,25.12,25.87,24.82,25.0,0.04,20.00,30.93,24.10,7.44
2025-03-11 15:27:03,25.71,26.32,25.13,25.13,24.52,24.73,25.12,25.93,24.83,25.0,0.04,20.00,30.96,24.10,7.72
2025-03-11 15:27:05,25.71,26.41,25.14,25.12,24.53,24.72,25.11,25.99,24.82,25.0,0.04,20.00,30.94,24.10,8.00
2025-03-11 15:27:07,25.71,26.32,25.13,25.13,24.53,24.73,25.12,26.07,24.83,25.0,0.04,20.00,30.98,24.10,8.34
2025-03-11 15:27:09,25.71,26.01,25.14,25.13,24.53,24.74,25.12,26.10,24.83,25.0,0.04,20.00,30.96,24.10,8.60
2025-03-11 15:27:11,25.71,26.57,25.15,25.12,24.54,24.74,25.13,26.19,24.83,25.0,0.04,20.00,30.95,24.10,8.70
2025-03-11 15:27:13,25.71,26.21,25.14,25.13,24.54,24.73,25.12,25.96,24.83,25.0,0.06,20.00,30.97,24.10,8.67
2025-03-11 15:27:15,25.71,26.03,25.12,25.11,24.53,24.72,25.12,26.16,24.84,25.0,0.06,20.00,30.91,24.09,8.58
2025-03-11 15:27:17,25.71,25.87,25.11,25.10,24.53,24.72,25.11,25.78,24.85,25.0,0.06,20.00,30.95,24.00,8.40
2025-03-11 15:27:19,25.71,25.95,25.12,25.10,24.54,24.72,25.11,26.00,24.83,25.0,0.06,20.00,30.91,24.10,8.50
2025-03-11 15:27:20,25.71,26.22,25.11,25.10,24.53,24.72,25.11,26.23,24.85,25.0,0.06,20.00,30.95,24.10,8.21
2025-03-11 15:27:22,25.71,26.26,25.11,25.09,24.54,24.72,25.12,26.34,24.86,25.0,0.06,20.00,30.90,24.10,8.10
2025-03-11 15:27:24,25.71,25.93,25.10,25.08,24.53,24.71,25.10,26.02,24.85,25.0,0.03,20.00,30.93,24.10,8.10
2025-03-11 15:27:26,25.71,26.09,25.10,25.08,24.53,24.71,25.10,25.89,24.85,25.0,0.03,20.00,30.90,24.10,7.82
2025-03-11 15:27:28,25.71,25.70,25.10,25.06,24.52,24.70,25.10,25.75,24.85,25.0,0.03,20.00,30.92,24.10,7.80
2025-03-11 15:27:30,25.71,25.57,25.10,25.06,24.52,24.70,25.10,25.89,24.84,25.0,0.04,20.00,30.90,24.01,7.71
2025-03-11 15:27:32,25.71,25.77,25.10,25.06,24.53,24.70,25.09,25.91,24.85,25.0,0.04,20.00,30.91,24.00,7.79
2025-03-11 15:27:34,25.71,25.63,25.08,25.03,24.52,24.68,25.07,25.66,24.83,25.0,0.01,20.00,30.90,24.09,7.80
2025-03-11 15:27:36,25.71,25.62,25.08,25.04,24.52,24.68,25.08,25.93,24.83,25.0,0.01,20.00,30.91,24.10,7.89
2025-03-11 15:27:38,25.71,25.87,25.09,25.02,24.52,24.68,25.07,26.03,24.83,25.0,0.01,20.00,30.91,24.10,8.07
2025-03-11 15:27:40,25.71,25.68,25.10,25.03,24.51,24.68,25.07,25.73,24.82,25.0,0.01,20.00,30.92,24.10,8.02
2025-03-11 15:27:41,25.71,25.82,25.12,25.03,24.51,24.67,25.08,25.97,24.82,25.0,0.06,20.00,30.92,24.10,8.30
2025-03-11 15:27:43,25.71,25.89,25.13,25.01,24.51,24.66,25.06,25.70,24.82,25.0,0.06,20.00,30.91,24.10,8.67
2025-03-11 15:27:45,25.71,25.67,25.13,25.01,24.51,24.67,25.06,25.81,24.82,25.0,0.01,20.00,30.94,24.04,8.80
2025-03-11 15:27:47,25.71,25.84,25.13,25.00,24.50,24.66,25.06,25.77,24.81,25.0,0.01,20.00,30.93,24.05,8.64
2025-03-11 15:27:49,25.71,25.53,25.13,25.00,24.51,24.66,25.06,25.84,24.82,25.0,0.01,20.00,30.91,24.10,8.42
2025-03-11 15:27:51,25.71,25.73,25.14,25.00,24.51,24.65,25.06,26.03,24.83,25.0,0.01,20.00,30.94,24.07,8.24
2025-03-11 15:27:53,25.71,25.77,25.14,25.00,24.51,24.65,25.05,25.82,24.83,25.0,0.02,20.00,30.89,24.00,8.10
2025-03-11 15:27:55,25.71,25.86,25.15,24.99,24.51,24.66,25.06,25.75,24.84,25.0,0.02,20.00,30.92,24.00,8.10
2025-03-11 15:27:57,25.71,25.61,25.15,24.98,24.50,24.64,25.04,25.74,24.83,25.0,0.02,20.00,30.90,24.00,8.20
2025-03-11 15:27:59,25.71,25.85,25.16,24.99,24.51,24.65,25.05,26.10,24.84,25.0,0.05,20.00,30.89,24.10,8.78
2025-03-11 15:28:01,25.71,25.74,25.16,24.97,24.49,24.64,25.04,25.76,24.83,25.0,0.05,20.00,30.90,24.10,8.90
2025-03-11 15:28:02,25.71,25.75,25.17,24.96,24.50,24.64,25.04,25.74,24.83,25.0,0.05,20.00,30.89,24.10,8.90
2025-03-11 15:28:04,25.71,25.78,25.17,24.96,24.50,24.64,25.04,26.12,24.84,25.0,0.05,20.00,30.90,24.10,8.62
2025-03-11 15:28:06,25.71,25.75,25.18,24.96,24.50,24.64,25.03,26.07,24.84,25.0,0.05,20.00,30.89,24.10,8.51
2025-03-11 15:28:08,25.71,25.68,25.18,24.96,24.49,24.63,25.03,25.97,24.83,25.0,0.05,20.00,30.92,24.01,8.32
2025-03-11 15:28:10,25.71,25.78,25.18,24.96,24.49,24.63,25.02,25.88,24.83,25.0,0.06,20.00,30.90,24.09,8.12
2025-03-11 15:28:12,25.71,25.75,25.21,24.96,24.50,24.63,25.02,25.98,24.83,25.0,0.06,20.00,30.95,24.10,8.19
2025-03-11 15:28:14,25.71,25.68,25.19,24.94,24.47,24.61,25.01,25.89,24.82,25.0,0.06,20.00,30.91,24.01,8.20
2025-03-11 15:28:16,25.71,25.74,25.21,24.95,24.49,24.62,25.02,26.00,24.83,25.0,0.04,20.00,30.94,24.00,8.20
2025-03-11 15:28:18,25.71,25.72,25.20,24.96,24.48,24.61,25.01,26.16,24.84,25.0,0.04,20.00,30.90,24.08,8.12
2025-03-11 15:28:20,25.71,25.59,25.19,24.93,24.47,24.60,25.00,25.86,24.83,25.0,0.04,20.00,30.91,24.10,8.10
2025-03-11 15:28:22,25.71,25.67,25.19,24.92,24.47,24.60,24.99,25.57,24.82,25.0,0.04,20.00,30.90,24.03,7.96
2025-03-11 15:28:23,25.71,25.45,25.19,24.93,24.47,24.61,25.01,25.98,24.83,25.0,0.04,20.00,30.89,24.00,7.78
2025-03-11 15:28:25,25.71,25.51,25.21,24.93,24.48,24.62,25.01,26.10,24.84,25.0,0.12,20.00,30.89,24.05,7.70
2025-03-11 15:28:27,25.71,25.62,25.22,24.93,24.47,24.60,25.00,25.99,24.82,25.0,0.12,20.00,30.89,24.10,7.74
2025-03-11 15:28:29,25.71,25.51,25.24,24.93,24.46,24.60,24.99,25.88,24.83,25.0,0.12,20.00,30.90,24.10,7.80
2025-03-11 15:28:31,25.71,25.60,25.26,24.94,24.47,24.60,25.00,26.02,24.83,25.0,0.12,20.00,30.89,24.10,7.84
2025-03-11 15:28:33,25.71,25.47,25.25,24.92,24.46,24.58,24.98,25.72,24.81,25.0,0.07,20.00,30.89,24.10,8.09
2025-03-11 15:28:35,25.71,25.37,25.24,24.91,24.46,24.58,24.99,25.65,24.81,25.0,0.07,20.00,30.92,24.00,8.49
2025-03-11 15:28:37,25.71,25.28,25.25,24.91,24.46,24.59,24.98,25.64,24.81,25.0,0.13,20.00,30.89,24.10,8.60
2025-03-11 15:28:39,25.71,25.39,25.28,24.92,24.44,24.58,24.98,25.70,24.83,25.0,0.13,20.00,30.94,24.10,8.60
2025-03-11 15:28:41,25.71,25.52,25.30,24.92,24.46,24.59,24.99,25.72,24.82,25.0,0.13,20.00,30.89,24.10,8.79
2025-03-11 15:28:42,25.71,25.24,25.31,24.92,24.47,24.59,24.99,25.76,24.82,25.0,0.13,20.00,30.89,24.10,9.56
2025-03-11 15:28:44,25.71,25.42,25.30,24.92,24.46,24.58,24.98,25.90,24.82,25.0,0.07,20.00,30.89,24.01,9.98
2025-03-11 15:28:46,25.71,25.48,25.30,24.93,24.45,24.58,24.98,25.87,24.81,25.0,0.07,20.00,30.89,24.09,10.46
2025-03-11 15:28:48,25.71,25.47,25.30,24.92,24.45,24.58,24.98,26.02,24.81,25.0,0.07,20.00,30.93,24.10,11.32
2025-03-11 15:28:50,25.71,25.38,25.30,24.91,24.45,24.58,24.98,25.81,24.82,25.0,0.07,20.00,30.91,24.01,12.11
2025-03-11 15:28:52,25.71,25.15,25.30,24.91,24.45,24.58,24.97,26.00,24.82,25.0,0.07,20.00,30.94,24.00,12.54
2025-03-11 15:28:54,25.71,25.19,25.29,24.90,24.44,24.56,24.97,25.69,24.82,25.0,0.07,20.00,30.90,24.00,12.60
2025-03-11 15:28:56,25.71,25.18,25.31,24.90,24.44,24.56,24.96,25.69,24.82,25.0,0.17,20.00,30.88,24.08,12.68
2025-03-11 15:28:58,25.71,25.10,25.34,24.91,24.44,24.57,24.97,25.58,24.82,25.0,0.17,20.00,30.89,24.10,12.32
2025-03-11 15:29:00,25.71,25.09,25.36,24.91,24.45,24.57,24.97,25.82,24.83,25.0,0.17,20.00,30.89,24.03,11.92
2025-03-11 15:29:02,25.71,25.27,25.37,24.93,24.44,24.58,24.97,26.01,24.82,25.0,0.09,20.00,30.93,24.00,11.55
2025-03-11 15:29:03,25.71,25.32,25.38,24.93,24.44,24.57,24.97,25.72,24.81,25.0,0.09,20.00,30.92,24.05,11.24
2025-03-11 15:29:05,25.71,25.27,25.36,24.92,24.43,24.57,24.97,25.74,24.81,25.0,0.09,20.00,30.89,24.10,10.97
2025-03-11 15:29:07,25.71,25.26,25.37,24.92,24.43,24.57,24.96,25.68,24.81,25.0,0.09,20.00,30.89,24.07,10.68
2025-03-11 15:29:09,25.71,25.33,25.37,24.93,24.45,24.58,24.98,25.79,24.81,25.0,0.09,20.00,30.89,24.00,10.36
2025-03-11 15:29:11,25.71,25.33,25.37,24.93,24.44,24.58,24.98,25.83,24.83,25.0,0.09,20.00,30.88,24.00,10.11
2025-03-11 15:29:13,25.71,25.38,25.37,24.93,24.44,24.57,24.97,25.79,24.81,25.0,0.08,20.00,30.90,24.10,9.90
2025-03-11 15:29:15,25.71,25.25,25.38,24.93,24.44,24.57,24.98,25.86,24.80,25.0,0.08,20.00,30.88,24.10,9.71
2025-03-11 15:29:17,25.71,25.09,25.36,24.92,24.43,24.56,24.97,25.76,24.80,25.0,0.10,20.00,30.94,24.00,9.31
2025-03-11 15:29:19,25.71,25.21,25.39,24.93,24.44,24.57,24.98,25.93,24.81,25.0,0.10,20.00,30.88,24.10,9.20
2025-03-11 15:29:21,25.71,25.25,25.39,24.94,24.44,24.57,24.97,25.95,24.81,25.0,0.10,20.00,30.94,24.10,8.91
2025-03-11 15:29:23,25.71,25.29,25.40,24.95,24.45,24.57,24.97,25.83,24.80,25.0,0.10,20.00,30.89,24.10,8.71
2025-03-11 15:29:24,25.71,25.22,25.39,24.94,24.44,24.58,24.98,25.90,24.81,25.0,0.08,20.00,30.93,24.01,8.70
2025-03-11 15:29:26,25.71,25.43,25.40,24.95,24.44,24.59,24.98,26.06,24.82,25.0,0.08,20.00,30.89,24.09,8.70
2025-03-11 15:29:28,25.71,25.25,25.40,24.94,24.44,24.58,24.98,26.02,24.83,25.0,0.08,20.00,30.93,24.01,8.97
2025-03-11 15:29:30,25.71,25.22,25.40,24.94,24.44,24.58,24.98,25.77,24.81,25.0,0.10,20.00,30.89,24.00,9.69
2025-03-11 15:29:32,25.71,25.25,25.41,24.94,24.44,24.57,24.98,25.75,24.82,25.0,0.10,20.00,30.93,24.08,9.88
2025-03-11 15:29:34,25.71,25.25,25.42,24.95,24.44,24.58,24.98,25.89,24.82,25.0,0.11,20.00,30.89,24.02,9.58
2025-03-11 15:29:36,25.71,25.38,25.43,24.96,24.44,24.58,24.99,25.92,24.82,25.0,0.11,20.00,30.93,24.00,9.35
2025-03-11 15:29:38,25.71,25.29,25.43,24.97,24.45,24.59,25.00,26.13,24.83,25.0,0.11,20.00,30.90,24.07,9.23
2025-03-11 15:29:40,25.71,25.19,25.43,24.95,24.43,24.58,24.97,25.67,24.81,25.0,0.11,20.00,30.92,24.04,9.01
2025-03-11 15:29:42,25.71,25.29,25.42,24.96,24.44,24.58,24.98,25.94,24.81,25.0,0.08,20.00,30.91,24.06,8.68
2025-03-11 15:29:44,25.71,25.26,25.41,24.95,24.44,24.58,24.98,25.84,24.81,25.0,0.08,20.00,30.90,24.10,8.46
2025-03-11 15:29:45,25.71,25.15,25.42,24.95,24.44,24.58,24.98,25.67,24.81,25.0,0.08,20.00,30.90,24.07,8.30
2025-03-11 15:29:47,25.71,25.25,25.43,24.95,24.44,24.59,24.99,25.88,24.80,25.0,0.10,20.00,30.89,24.02,8.09
2025-03-11 15:29:49,25.71,25.15,25.43,24.97,24.43,24.58,24.99,25.96,24.81,25.0,0.10,20.00,30.90,24.10,7.99
2025-03-11 15:29:51,25.71,25.30,25.44,24.97,24.44,24.58,24.98,25.96,24.80,25.0,0.05,20.00,30.88,24.00,7.51
2025-03-11 15:29:53,25.71,25.20,25.43,24.96,24.44,24.59,25.00,25.96,24.80,25.0,0.05,20.00,30.89,24.00,7.40
2025-03-11 15:29:55,25.71,25.24,25.42,24.97,24.44,24.59,25.00,25.93,24.80,25.0,0.05,20.00,30.89,24.10,7.79
2025-03-11 15:29:57,25.71,25.38,25.41,24.97,24.45,24.59,25.00,25.89,24.80,25.0,0.09,20.00,30.88,24.10,8.09
2025-03-11 15:29:59,25.71,25.35,25.43,24.98,24.44,24.59,25.00,25.71,24.79,25.0,0.09,20.00,30.92,24.10,8.48
2025-03-11 15:30:01,25.71,25.12,25.42,24.98,24.45,24.59,24.99,25.71,24.79,25.0,0.09,20.00,30.89,24.01,8.69
2025-03-11 15:30:03,25.71,25.31,25.43,24.99,24.44,24.59,25.00,25.82,24.79,25.0,0.09,20.00,30.93,24.00,8.70
2025-03-11 15:30:05,25.71,25.21,25.42,24.98,24.44,24.60,24.99,25.74,24.78,25.0,0.06,20.00,30.90,24.09,8.79
2025-03-11 15:30:06,25.71,25.37,25.44,24.99,24.45,24.60,25.01,26.06,24.80,25.0,0.06,20.00,30.95,24.10,9.16
2025-03-11 15:30:08,25.71,25.23,25.42,24.99,24.44,24.60,25.01,25.86,24.80,25.0,0.06,20.00,30.89,24.01,9.11
2025-03-11 15:30:10,25.71,25.25,25.42,25.01,24.45,24.60,25.00,25.88,24.79,25.0,0.06,20.00,30.95,24.00,8.76
2025-03-11 15:30:12,25.71,25.22,25.41,25.00,24.45,24.60,25.01,25.76,24.79,25.0,0.06,20.00,30.90,24.08,8.54
2025-03-11 15:30:14,25.71,25.10,25.41,24.99,24.44,24.60,25.00,25.58,24.78,25.0,0.05,20.00,30.94,24.02,8.19
2025-03-11 15:30:16,25.71,25.16,25.40,25.00,24.45,24.61,25.00,25.84,24.79,25.0,0.05,20.00,30.90,24.07,8.10
2025-03-11 15:30:18,25.71,25.30,25.40,25.01,24.45,24.62,25.02,25.98,24.80,25.0,0.05,20.00,30.93,24.10,8.17
2025-03-11 15:30:20,25.71,25.22,25.41,25.01,24.47,24.62,25.02,26.00,24.80,25.0,0.05,20.00,30.92,24.10,8.26
2025-03-11 15:30:22,25.71,25.13,25.40,25.01,24.46,24.62,25.01,25.59,24.79,25.0,0.04,20.00,30.90,24.10,8.35
2025-03-11 15:30:24,25.71,25.10,25.39,25.02,24.47,24.62,25.02,25.69,24.80,25.0,0.04,20.00,30.91,24.10,8.33
2025-03-11 15:30:25,25.71,25.27,25.40,25.03,24.48,24.63,25.04,26.05,24.80,25.0,0.04,20.00,30.90,24.08,8.16
2025-03-11 15:30:27,25.71,25.24,25.39,25.02,24.47,24.63,25.03,25.75,24.79,25.0,0.03,20.00,30.89,24.00,8.00
2025-03-11 15:30:29,25.71,25.23,25.38,25.02,24.48,24.64,25.04,25.76,24.80,25.0,0.03,20.00,30.89,24.00,8.00
2025-03-11 15:30:31,25.71,25.24,25.38,25.02,24.47,24.64,25.03,25.84,24.79,25.0,0.03,20.00,30.89,24.00,8.00
2025-03-11 15:30:33,25.71,25.30,25.38,25.04,24.47,24.63,25.05,26.13,24.79,25.0,0.05,20.00,30.89,24.10,7.81
2025-03-11 15:30:35,25.71,25.29,25.37,25.02,24.46,24.63,25.02,25.79,24.78,25.0,0.05,20.00,30.89,24.00,7.41
2025-03-11 15:30:37,25.71,25.23,25.37,25.02,24.46,24.63,25.02,25.83,24.77,25.0,0.05,20.00,30.91,24.00,7.11
2025-03-11 15:30:39,25.71,25.22,25.37,25.03,24.47,24.62,25.02,25.88,24.77,25.0,0.05,20.00,30.88,24.09,7.10
2025-03-11 15:30:41,25.71,25.35,25.37,25.04,24.47,24.63,25.04,26.01,24.78,25.0,0.05,20.00,30.96,24.01,7.10
2025-03-11 15:30:43,25.71,25.34,25.37,25.03,24.48,24.64,25.04,26.15,24.77,25.0,0.05,20.00,30.90,24.00,7.28
2025-03-11 15:30:45,25.71,25.26,25.35,25.03,24.48,24.64,25.04,26.15,24.79,25.0,0.01,20.00,30.97,24.09,7.39
2025-03-11 15:30:46,25.71,25.50,25.34,25.04,24.48,24.65,25.04,26.15,24.79,25.0,0.01,20.00,30.91,24.10,7.31
2025-03-11 15:30:48,25.71,25.39,25.32,25.03,24.47,24.63,25.04,26.01,24.79,25.0,0.01,20.00,30.90,24.10,6.96
2025-03-11 15:30:50,25.71,25.36,25.34,25.04,24.48,24.65,25.05,26.11,24.79,25.0,0.05,20.00,30.89,24.02,6.98
2025-03-11 15:30:52,25.71,25.34,25.34,25.03,24.48,24.64,25.04,25.82,24.78,25.0,0.05,20.00,30.89,24.00,7.00
2025-03-11 15:30:54,25.71,25.27,25.34,25.03,24.48,24.64,25.05,25.88,24.78,25.0,0.05,20.00,30.88,24.00,6.93
2025-03-11 15:30:56,25.71,25.26,25.33,25.03,24.47,24.64,25.05,26.00,24.77,25.0,0.03,20.00,30.89,24.00,6.90
2025-03-11 15:30:58,25.71,25.30,25.33,25.02,24.47,24.63,25.04,25.94,24.77,25.0,0.03,20.00,30.91,24.06,6.90
2025-03-11 15:31:00,25.71,25.30,25.33,25.02,24.47,24.64,25.04,25.72,24.76,25.0,0.06,20.00,30.90,24.10,6.80
2025-03-11 15:31:02,25.71,25.33,25.33,25.02,24.47,24.64,25.04,25.69,24.76,25.0,0.06,20.00,30.91,24.06,6.67
2025-03-11 15:31:04,25.71,25.21,25.32,25.02,24.46,24.64,25.03,25.64,24.76,25.0,0.06,20.00,30.92,24.00,6.62
2025-03-11 15:31:06,25.71,25.34,25.33,25.03,24.47,24.64,25.04,25.90,24.76,25.0,0.06,20.00,30.88,24.00,6.70
2025-03-11 15:31:07,25.71,25.40,25.34,25.03,24.48,24.63,25.04,25.89,24.76,25.0,0.04,20.00,30.96,24.00,6.70
2025-03-11 15:31:09,25.71,25.28,25.33,25.02,24.46,24.65,25.04,25.93,24.76,25.0,0.04,20.00,30.89,24.00,6.80
2025-03-11 15:31:11,25.71,25.32,25.33,25.02,24.47,24.63,25.04,25.85,24.75,25.0,0.04,20.00,30.95,24.00,7.09
2025-03-11 15:31:13,25.71,25.26,25.32,25.02,24.47,24.63,25.03,25.68,24.76,25.0,0.04,20.00,30.89,24.10,7.58
2025-03-11 15:31:15,25.71,25.26,25.32,25.02,24.47,24.63,25.04,25.71,24.75,25.0,0.04,20.00,30.91,24.00,8.56
2025-03-11 15:31:17,25.71,25.22,25.32,25.02,24.46,24.63,25.04,25.68,24.76,25.0,0.04,20.00,30.89,24.00,8.98
2025-03-11 15:31:19,25.71,25.23,25.32,25.01,24.46,24.63,25.04,25.62,24.75,25.0,0.04,20.00,30.89,24.00,9.19
2025-03-11 15:31:21,25.71,25.19,25.32,25.01,24.46,24.63,25.03,25.66,24.76,25.0,0.04,20.00,30.89,24.00,9.20
2025-03-11 15:31:23,25.71,25.19,25.31,25.01,24.46,24.64,25.04,25.71,24.76,25.0,0.04,20.00,30.90,24.00,9.20
2025-03-11 15:31:25,25.71,25.21,25.33,25.01,24.46,24.63,25.04,25.68,24.76,25.0,0.06,20.00,30.94,24.00,8.76
2025-03-11 15:31:27,25.71,25.19,25.34,25.01,24.48,24.64,25.04,25.73,24.77,25.0,0.06,20.00,30.91,24.09,8.36
2025-03-11 15:31:28,25.71,25.08,25.34,25.02,24.47,24.63,25.04,25.58,24.76,25.0,0.06,20.00,30.94,24.02,8.06
2025-03-11 15:31:30,25.71,25.17,25.32,25.01,24.47,24.63,25.03,25.52,24.77,25.0,0.05,20.00,30.92,24.08,7.85
2025-03-11 15:31:32,25.71,25.23,25.33,25.01,24.47,24.64,25.03,25.76,24.78,25.0,0.05,20.00,30.95,24.10,7.66
2025-03-11 15:31:34,25.71,25.23,25.32,25.01,24.47,24.63,25.04,25.72,24.79,25.0,0.05,20.00,30.92,24.10,7.53
2025-03-11 15:31:36,25.71,25.20,25.34,25.02,24.48,24.65,25.04,25.87,24.80,25.0,0.05,20.00,30.93,24.10,7.38
2025-03-11 15:31:38,25.71,25.21,25.33,25.01,24.47,24.64,25.04,25.60,24.78,25.0,0.05,20.00,30.90,24.10,7.20
2025-03-11 15:31:40,25.71,25.30,25.34,25.02,24.47,24.65,25.04,25.86,24.81,25.0,0.04,20.00,30.92,24.06,7.06
2025-03-11 15:31:42,25.71,25.29,25.34,25.02,24.49,24.64,25.05,25.80,24.81,25.0,0.04,20.00,30.92,24.03,7.00
2025-03-11 15:31:44,25.71,25.17,25.33,25.01,24.48,24.64,25.04,25.71,24.80,25.0,0.04,20.00,30.90,24.09,6.99
2025-03-11 15:31:46,25.71,25.30,25.34,25.01,24.47,24.64,25.04,25.78,24.80,25.0,0.04,20.00,30.90,24.00,6.90
2025-03-11 15:31:48,25.71,25.21,25.33,25.01,24.48,24.64,25.04,25.61,24.81,25.0,0.04,20.00,30.88,24.10,7.10
2025-03-11 15:31:49,25.71,25.11,25.33,25.01,24.48,24.64,25.04,25.68,24.80,25.0,0.04,20.00,30.89,24.00,7.20
2025-03-11 15:31:51,25.71,25.30,25.33,25.01,24.46,24.63,25.05,25.57,24.79,25.0,0.04,20.00,30.89,24.00,7.97
2025-03-11 15:31:53,25.71,25.12,25.34,25.01,24.47,24.64,25.04,25.58,24.80,25.0,0.04,20.00,30.90,24.00,8.29
2025-03-11 15:31:55,25.71,25.19,25.33,25.02,24.49,24.64,25.05,25.69,24.80,25.0,0.04,20.00,30.91,24.00,8.11
2025-03-11 15:31:57,25.71,25.29,25.33,25.02,24.48,24.64,25.04,25.63,24.79,25.0,0.02,20.00,30.90,24.00,8.85
2025-03-11 15:31:59,25.71,25.18,25.33,25.01,24.48,24.64,25.04,25.54,24.80,25.0,0.02,20.00,30.95,24.09,9.17
2025-03-11 15:32:01,25.71,25.20,25.33,25.03,24.49,24.66,25.06,25.84,24.81,25.0,0.02,20.00,30.91,24.10,9.11
2025-03-11 15:32:03,25.71,25.20,25.32,25.02,24.49,24.65,25.05,25.81,24.80,25.0,0.02,20.00,30.96,24.01,9.28
2025-03-11 15:32:05,25.71,25.21,25.31,25.03,24.48,24.65,25.05,25.76,24.81,25.0,0.01,20.00,30.91,24.00,9.30
2025-03-11 15:32:07,25.71,25.25,25.31,25.03,24.49,24.65,25.04,25.63,24.80,25.0,0.01,20.00,30.92,24.00,9.71
2025-03-11 15:32:08,25.71,25.17,25.31,25.02,24.48,24.65,25.05,25.71,24.82,25.0,0.01,20.00,30.90,24.08,9.80
2025-03-11 15:32:10,25.71,25.23,25.31,25.02,24.48,24.64,25.03,25.60,24.80,25.0,0.05,20.00,30.89,24.10,9.73
2025-03-11 15:32:12,25.71,25.04,25.30,25.01,24.47,24.63,25.03,25.49,24.78,25.0,0.05,20.00,30.89,24.03,9.37
2025-03-11 15:32:14,25.71,25.20,25.31,25.01,24.48,24.64,25.04,25.79,24.79,25.0,0.06,20.00,30.90,24.00,9.20
2025-03-11 15:32:16,25.71,25.20,25.32,25.02,24.47,24.64,25.04,25.64,24.78,25.0,0.06,20.00,30.89,24.00,9.10
2025-03-11 15:32:18,25.71,25.17,25.31,25.02,24.47,24.64,25.04,25.68,24.78,25.0,0.06,20.00,30.92,24.04,8.92
2025-03-11 15:32:20,25.71,25.16,25.31,25.01,24.48,24.64,25.04,25.61,24.78,25.0,0.06,20.00,30.91,24.07,8.72
2025-03-11 15:32:22,25.71,25.10,25.31,25.01,24.47,24.63,25.04,25.46,24.77,25.0,0.01,20.00,30.92,24.01,8.49
2025-03-11 15:32:24,25.71,25.15,25.30,25.02,24.47,24.64,25.04,25.49,24.77,25.0,0.01,20.00,30.90,24.10,8.30
2025-03-11 15:32:26,25.71,25.17,25.29,25.01,24.48,24.64,25.04,25.56,24.78,25.0,0.01,20.00,30.91,24.00,8.20
2025-03-11 15:32:28,25.71,25.21,25.29,25.01,24.47,24.64,25.04,25.73,24.77,25.0,0.03,20.00,30.93,24.10,8.10
2025-03-11 15:32:29,25.71,25.22,25.29,25.01,24.48,24.64,25.03,25.65,24.77,25.0,0.03,20.00,30.89,24.00,8.00
2025-03-11 15:32:31,25.71,25.30,25.29,25.01,24.48,24.64,25.05,25.56,24.77,25.0,0.05,20.00,30.92,24.00,7.71
2025-03-11 15:32:33,25.71,25.37,25.29,25.01,24.49,24.64,25.04,25.70,24.76,25.0,0.05,20.00,30.89,24.00,7.70
2025-03-11 15:32:35,25.71,25.28,25.31,25.02,24.49,24.64,25.05,25.88,24.76,25.0,0.05,20.00,30.90,24.00,7.70
2025-03-11 15:32:37,25.71,25.22,25.31,25.01,24.48,24.64,25.03,25.94,24.77,25.0,0.05,20.00,30.94,24.00,8.07
2025-03-11 15:32:39,25.71,25.28,25.30,25.01,24.48,24.64,25.04,25.72,24.76,25.0,0.01,20.00,30.89,24.00,8.55
2025-03-11 15:32:41,25.71,25.20,25.29,25.01,24.49,24.64,25.04,25.77,24.76,25.0,0.01,20.00,30.90,24.09,8.86
2025-03-11 15:32:43,25.71,25.26,25.29,25.01,24.48,24.65,25.05,25.87,24.76,25.0,0.01,20.00,30.91,24.10,8.98
2025-03-11 15:32:45,25.71,25.23,25.29,25.01,24.49,24.64,25.04,25.71,24.76,25.0,0.05,20.00,30.91,24.02,9.08
2025-03-11 15:32:47,25.71,25.25,25.30,25.00,24.47,24.63,25.03,25.55,24.76,25.0,0.05,20.00,30.91,24.00,9.18
2025-03-11 15:32:49,25.71,25.18,25.31,25.00,24.48,24.64,25.04,25.65,24.76,25.0,0.06,20.00,30.90,24.00,9.13
2025-03-11 15:32:50,25.71,25.27,25.31,25.01,24.48,24.64,25.03,25.57,24.78,25.0,0.06,20.00,30.93,24.07,9.10
2025-03-11 15:32:52,25.71,25.20,25.32,25.01,24.48,24.63,25.04,25.81,24.78,25.0,0.06,20.00,30.91,24.04,8.92
2025-03-11 15:32:54,25.71,25.21,25.30,25.00,24.47,24.63,25.02,25.61,24.78,25.0,0.02,20.00,30.90,24.05,8.75
2025-03-11 15:32:56,25.71,25.20,25.29,24.99,24.47,24.62,25.03,25.63,24.79,25.0,0.02,20.00,30.93,24.06,8.50
2025-03-11 15:32:58,25.71,25.26,25.29,25.00,24.48,24.64,25.04,25.76,24.78,25.0,0.02,20.00,30.91,24.03,8.15
2025-03-11 15:33:00,25.71,25.32,25.29,25.00,24.48,24.64,25.04,25.81,24.78,25.0,0.06,20.00,30.90,24.10,7.98
2025-03-11 15:33:02,25.71,25.43,25.31,25.01,24.48,24.64,25.03,25.85,24.78,25.0,0.06,20.00,30.89,24.10,7.80
2025-03-11 15:33:04,25.71,25.33,25.31,25.00,24.48,24.64,25.04,25.75,24.78,25.0,0.06,20.00,30.91,24.10,7.60
2025-03-11 15:33:06,25.71,25.32,25.32,25.00,24.48,24.65,25.04,25.87,24.78,25.0,0.04,20.00,30.89,24.10,7.41
2025-03-11 15:33:08,25.71,25.34,25.32,25.01,24.48,24.64,25.04,25.91,24.77,25.0,0.04,20.00,30.91,24.00,7.50
2025-03-11 15:33:10,25.71,25.42,25.32,25.01,24.48,24.64,25.04,25.90,24.77,25.0,0.04,20.00,30.93,24.10,7.60
2025-03-11 15:33:11,25.71,25.36,25.32,25.00,24.48,24.64,25.03,25.89,24.77,25.0,0.04,20.00,30.89,24.01,7.60
2025-03-11 15:33:13,25.71,25.50,25.30,25.00,24.48,24.64,25.04,25.91,24.78,25.0,0.02,20.00,30.89,24.09,7.69
2025-03-11 15:33:15,25.71,25.35,25.29,24.98,24.47,24.64,25.03,25.50,24.76,25.0,0.02,20.00,30.96,24.01,7.70
2025-03-11 15:33:17,25.71,25.25,25.29,25.00,24.48,24.63,25.03,25.73,24.77,25.0,0.02,20.00,30.90,24.00,8.15
2025-03-11 15:33:19,25.71,25.15,25.30,24.98,24.47,24.62,25.02,25.56,24.75,25.0,0.06,20.00,30.90,24.09,8.82
2025-03-11 15:33:21,25.71,25.17,25.30,25.00,24.47,24.63,25.03,25.78,24.77,25.0,0.06,20.00,30.92,24.10,9.07
2025-03-11 15:33:23,25.71,25.20,25.32,25.00,24.48,24.63,25.03,25.59,24.77,25.0,0.06,20.00,30.91,24.02,9.26
2025-03-11 15:33:25,25.71,25.06,25.31,24.99,24.48,24.63,25.04,25.61,24.78,25.0,0.04,20.00,30.90,24.08,9.38
2025-03-11 15:33:27,25.71,25.19,25.32,25.00,24.48,24.63,25.04,25.92,24.79,25.0,0.04,20.00,30.89,24.03,9.47
2025-03-11 15:33:29,25.71,25.25,25.32,25.00,24.48,24.63,25.02,25.72,24.78,25.0,0.04,20.00,30.91,24.07,9.84
2025-03-11 15:33:30,25.71,25.16,25.30,24.99,24.49,24.63,25.03,25.85,24.78,25.0,0.04,20.00,30.90,24.10,10.30
2025-03-11 15:33:32,25.71,25.21,25.30,25.00,24.48,24.63,25.03,25.94,24.78,25.0,0.04,20.00,30.89,24.05,11.07
2025-03-11 15:33:34,25.71,25.12,25.30,25.00,24.47,24.63,25.03,25.83,24.78,25.0,0.04,20.00,30.93,24.00,11.71
2025-03-11 15:33:36,25.71,25.19,25.29,25.00,24.47,24.62,25.03,25.76,24.77,25.0,0.04,20.00,30.90,24.03,11.87
2025-03-11 15:33:38,25.71,25.02,25.27,24.98,24.46,24.62,25.02,25.50,24.76,25.0,0.04,20.00,30.89,24.10,11.75
2025-03-11 15:33:40,25.71,25.01,25.29,24.99,24.47,24.62,25.03,25.69,24.77,25.0,0.04,20.00,30.94,24.10,11.41
2025-03-11 15:33:42,25.71,25.11,25.30,25.00,24.47,24.63,25.02,25.82,24.76,25.0,0.07,20.00,30.89,24.00,10.72
2025-03-11 15:33:44,25.71,25.05,25.31,25.00,24.48,24.63,25.03,26.05,24.77,25.0,0.07,20.00,30.90,24.10,10.21
2025-03-11 15:33:46,25.71,25.04,25.31,24.99,24.47,24.63,25.03,25.84,24.76,25.0,0.07,20.00,30.91,24.10,9.91
2025-03-11 15:33:48,25.71,24.98,25.29,24.99,24.48,24.63,25.03,25.85,24.78,25.0,0.03,20.00,30.89,24.00,9.71
2025-03-11 15:33:50,25.71,25.18,25.30,25.00,24.49,24.64,25.03,25.96,24.77,25.0,0.03,20.00,30.93,24.00,9.61
2025-03-11 15:33:51,25.71,25.06,25.28,24.98,24.46,24.62,25.02,25.59,24.76,25.0,0.03,20.00,30.89,24.09,9.13
2025-03-11 15:33:53,25.71,25.05,25.30,24.99,24.46,24.62,25.02,25.57,24.75,25.0,0.10,20.00,30.90,24.01,8.82
2025-03-11 15:33:55,25.71,25.09,25.32,24.99,24.48,24.63,25.03,25.73,24.76,25.0,0.10,20.00,30.88,24.09,8.62
2025-03-11 15:33:57,25.71,25.33,25.33,25.00,24.48,24.64,25.04,25.91,24.77,25.0,0.04,20.00,30.89,24.10,8.42
2025-03-11 15:33:59,25.71,25.08,25.31,24.98,24.47,24.62,25.01,25.69,24.75,25.0,0.04,20.00,30.95,24.01,8.06
2025-03-11 15:34:01,25.71,25.25,25.30,24.99,24.46,24.62,25.02,25.84,24.75,25.0,0.04,20.00,30.91,24.00,7.75
2025-03-11 15:34:03,25.71,25.21,25.29,24.98,24.47,24.63,25.03,25.85,24.75,25.0,0.04,20.00,30.93,24.08,7.70
2025-03-11 15:34:05,25.71,25.13,25.31,24.99,24.48,24.63,25.03,25.73,24.75,25.0,0.08,20.00,30.89,24.10,7.63
2025-03-11 15:34:07,25.71,25.21,25.33,24.99,24.48,24.64,25.03,25.59,24.75,25.0,0.08,20.00,30.89,24.10,7.60
2025-03-11 15:34:09,25.71,25.13,25.33,24.99,24.47,24.63,25.02,25.69,24.75,25.0,0.08,20.00,30.90,24.10,7.54
2025-03-11 15:34:11,25.71,25.14,25.33,24.99,24.48,24.63,25.03,25.54,24.75,25.0,0.04,20.00,30.91,24.10,7.45
2025-03-11 15:34:12,25.71,25.28,25.32,25.00,24.49,24.64,25.03,25.91,24.76,25.0,0.04,20.00,30.93,24.06,7.36
2025-03-11 15:34:14,25.71,25.23,25.33,25.00,24.49,24.64,25.04,25.81,24.76,25.0,0.04,20.00,30.94,24.00,7.21
2025-03-11 15:34:16,25.71,25.20,25.31,25.00,24.48,24.63,25.02,25.63,24.74,25.0,0.03,20.00,30.91,24.00,6.99
2025-03-11 15:34:18,25.71,25.09,25.30,24.99,24.46,24.62,25.02,25.46,24.74,25.0,0.03,20.00,30.92,24.00,6.90
2025-03-11 15:34:20,25.71,25.06,25.30,24.99,24.48,24.63,25.02,25.49,24.74,25.0,0.03,20.00,30.88,24.00,6.90
2025-03-11 15:34:22,25.71,25.26,25.32,25.00,24.48,24.63,25.02,25.69,24.74,25.0,0.07,20.00,30.89,24.10,7.00
2025-03-11 15:34:24,25.71,25.19,25.32,24.99,24.47,24.62,25.02,25.72,24.74,25.0,0.07,20.00,30.88,24.00,7.00
2025-03-11 15:34:26,25.71,25.15,25.31,24.98,24.47,24.62,25.03,25.72,24.73,25.0,0.06,20.00,30.89,24.00,7.00
2025-03-11 15:34:28,25.71,25.14,25.32,24.99,24.47,24.63,25.02,25.66,24.73,25.0,0.06,20.00,30.89,24.00,7.00
2025-03-11 15:34:30,25.71,24.94,25.32,24.99,24.47,24.63,25.03,25.74,24.74,25.0,0.06,20.00,30.91,24.00,7.00
2025-03-11 15:34:32,25.71,24.95,25.32,24.98,24.47,24.61,25.02,25.37,24.73,25.0,0.06,20.00,30.89,24.00,7.37
2025-03-11 15:34:33,25.71,25.12,25.31,24.98,24.47,24.61,25.02,25.61,24.73,25.0,0.06,20.00,30.93,24.09,8.04
2025-03-11 15:34:35,25.71,25.07,25.31,24.98,24.46,24.61,25.01,25.57,24.72,25.0,0.06,20.00,30.89,24.10,8.81
2025-03-11 15:34:37,25.71,25.05,25.31,24.98,24.46,24.61,25.01,25.66,24.73,25.0,0.06,20.00,30.95,24.01,8.55
2025-03-11 15:34:39,25.71,24.87,25.32,24.97,24.46,24.61,25.02,25.54,24.73,25.0,0.08,20.00,30.91,24.08,8.50
2025-03-11 15:34:41,25.71,25.02,25.34,24.99,24.46,24.63,25.03,25.75,24.72,25.0,0.08,20.00,30.95,24.10,8.50
2025-03-11 15:34:43,25.71,24.76,25.34,24.98,24.46,24.61,25.00,25.53,24.72,25.0,0.08,20.00,30.90,24.10,8.42
2025-03-11 15:34:45,25.71,25.26,25.33,24.98,24.47,24.62,25.02,25.65,24.73,25.0,0.04,20.00,30.93,24.10,8.61
2025-03-11 15:34:47,25.71,24.21,25.32,24.98,24.46,24.61,25.02,25.61,24.73,25.0,0.04,20.00,30.92,24.10,8.95
2025-03-11 15:34:49,25.71,25.01,25.32,24.98,24.47,24.62,25.02,25.55,24.73,25.0,0.08,20.00,30.93,24.10,9.04
2025-03-11 15:34:51,25.71,24.82,25.33,24.98,24.47,24.62,25.01,25.62,24.74,25.0,0.08,20.00,30.92,24.06,8.82
2025-03-11 15:34:53,25.71,24.96,25.34,24.98,24.46,24.62,25.02,25.83,24.74,25.0,0.08,20.00,30.90,24.03,8.54
2025-03-11 15:34:54,25.71,24.92,25.35,24.99,24.47,24.62,25.01,25.71,24.74,25.0,0.07,20.00,30.91,24.08,8.35
2025-03-11 15:34:56,25.71,24.87,25.34,24.99,24.47,24.61,25.02,25.46,24.74,25.0,0.07,20.00,30.89,24.00,8.11
2025-03-11 15:34:58,25.71,24.98,25.34,24.99,24.47,24.63,25.02,25.67,24.75,25.0,0.07,20.00,30.89,24.00,8.20
2025-03-11 15:35:00,25.71,25.10,25.35,24.99,24.47,24.61,25.02,25.76,24.74,25.0,0.04,20.00,30.88,24.10,8.20
2025-03-11 15:35:02,25.71,25.13,25.34,24.99,24.47,24.62,25.02,25.85,24.75,25.0,0.04,20.00,30.89,24.00,8.39
2025-03-11 15:35:04,25.71,25.12,25.33,24.99,24.47,24.62,25.02,25.65,24.73,25.0,0.04,20.00,30.89,24.10,8.88
2025-03-11 15:35:06,25.71,24.90,25.32,24.98,24.46,24.62,25.02,25.82,24.74,25.0,0.04,20.00,30.89,24.10,8.90
2025-03-11 15:35:08,25.71,25.26,25.33,24.98,24.46,24.62,25.02,25.58,24.73,25.0,0.06,20.00,30.89,24.10,9.09
2025-03-11 15:35:10,25.71,25.15,25.33,24.99,24.46,24.64,25.02,25.67,24.73,25.0,0.06,20.00,30.89,24.01,9.29
2025-03-11 15:35:12,25.71,25.21,25.34,25.00,24.48,24.63,25.03,25.97,24.74,25.0,0.06,20.00,30.89,24.09,9.21
2025-03-11 15:35:13,25.71,24.69,25.33,24.99,24.47,24.63,25.02,25.77,24.73,25.0,0.06,20.00,30.89,24.10,9.11
2025-03-11 15:35:15,25.71,25.30,25.34,24.99,24.48,24.63,25.02,25.80,24.72,25.0,0.06,20.00,30.92,24.10,8.84
2025-03-11 15:35:17,25.71,25.20,25.34,24.99,24.47,24.63,25.03,26.12,24.73,25.0,0.06,20.00,30.89,24.10,9.05
2025-03-11 15:35:19,25.71,25.25,25.34,24.99,24.47,24.63,25.02,26.10,24.73,25.0,0.06,20.00,30.93,24.10,9.66
2025-03-11 15:35:21,25.71,25.06,25.35,24.99,24.47,24.63,25.02,25.85,24.73,25.0,0.06,20.00,30.90,24.10,10.18
2025-03-11 15:35:23,25.71,25.37,25.34,24.99,24.47,24.62,25.02,25.93,24.72,25.0,0.06,20.00,30.93,24.10,10.30
2025-03-11 15:35:25,25.71,25.31,25.34,24.99,24.47,24.62,25.02,25.96,24.73,25.0,0.06,20.00,30.90,24.10,10.30
2025-03-11 15:35:27,25.71,25.22,25.34,24.98,24.47,24.62,25.01,25.62,24.72,25.0,0.06,20.00,30.92,24.04,10.13
2025-03-11 15:35:29,25.71,25.05,25.33,24.98,24.46,24.62,25.01,25.57,24.72,25.0,0.06,20.00,30.93,24.05,9.87
2025-03-11 15:35:31,25.71,25.10,25.34,24.99,24.47,24.63,25.02,25.69,24.72,25.0,0.09,20.00,30.92,24.10,9.77
2025-03-11 15:35:33,25.71,25.18,25.35,24.99,24.47,24.63,25.02,25.38,24.71,25.0,0.09,20.00,30.95,24.10,9.84
2025-03-11 15:35:34,25.71,25.11,25.36,25.00,24.48,24.63,25.02,25.59,24.72,25.0,0.05,20.00,30.89,24.10,9.60
2025-03-11 15:35:36,25.71,25.13,25.35,25.00,24.47,24.63,25.02,25.60,24.72,25.0,0.05,20.00,30.95,24.10,9.11
2025-03-11 15:35:38,25.71,25.21,25.34,24.98,24.47,24.62,25.02,25.52,24.71,25.0,0.05,20.00,30.89,24.10,8.91
2025-03-11 15:35:40,25.71,25.18,25.34,24.99,24.47,24.63,25.02,25.57,24.71,25.0,0.09,20.00,30.97,24.10,8.61
2025-03-11 15:35:42,25.71,25.13,25.36,25.00,24.47,24.63,25.02,25.62,24.72,10.0,0.09,20.00,30.88,24.10,8.31
2025-03-11 15:35:44,25.71,25.14,25.36,24.99,24.47,24.63,25.02,25.68,24.72,10.0,0.09,20.00,30.92,24.10,8.30
2025-03-11 15:35:46,25.71,25.04,25.37,25.00,24.47,24.63,25.03,25.72,24.72,10.0,0.09,20.00,30.88,24.10,8.39
2025-03-11 15:35:48,25.71,25.26,24.61,24.98,24.47,24.62,25.01,25.68,24.71,10.0,4.00,20.00,30.88,24.10,8.68
2025-03-11 15:35:50,25.71,25.76,23.82,24.98,24.46,24.61,25.00,25.29,24.69,10.0,4.00,20.00,30.90,24.10,9.25
2025-03-11 15:35:52,25.71,26.12,23.27,24.98,24.46,24.61,25.01,25.40,24.70,10.0,4.00,20.00,30.89,24.10,9.93
2025-03-11 15:35:54,25.71,26.33,22.77,24.99,24.46,24.62,25.03,25.39,24.70,10.0,4.00,20.00,30.94,24.10,10.09
2025-03-11 15:35:55,25.71,27.87,22.32,24.99,24.46,24.62,25.01,25.25,24.70,10.0,4.00,20.00,30.91,24.10,10.35
2025-03-11 15:35:57,25.71,26.56,21.89,24.99,24.47,24.63,25.01,25.33,24.71,10.0,4.00,20.00,30.97,24.10,10.48
2025-03-11 15:35:59,25.71,27.63,21.49,24.99,24.47,24.63,25.02,25.52,24.71,10.0,4.00,20.00,30.93,24.10,10.35
2025-03-11 15:36:01,25.71,27.97,21.11,24.99,24.47,24.63,25.02,25.64,24.72,10.0,4.00,20.00,30.89,24.10,10.02
2025-03-11 15:36:03,25.71,28.16,20.76,24.98,24.47,24.62,25.01,25.68,24.73,10.0,4.00,20.00,30.90,24.10,9.71
2025-03-11 15:36:05,25.71,28.14,20.42,24.97,24.48,24.63,25.02,25.78,24.72,10.0,4.00,20.00,30.90,24.10,9.43
2025-03-11 15:36:07,25.71,28.35,20.10,24.95,24.47,24.63,25.02,25.70,24.73,10.0,4.00,20.00,30.94,24.10,9.30
2025-03-11 15:36:09,25.71,28.67,19.80,24.93,24.48,24.63,25.01,25.86,24.73,10.0,4.00,20.00,30.96,24.10,9.34
2025-03-11 15:36:11,25.71,28.72,19.50,24.89,24.47,24.62,25.02,25.92,24.74,10.0,4.00,20.00,30.90,24.10,9.42
2025-03-11 15:36:13,25.71,28.88,19.21,24.87,24.46,24.61,25.00,25.61,24.73,10.0,4.00,20.00,30.90,24.10,9.49
2025-03-11 15:36:15,25.71,29.00,18.94,24.81,24.47,24.60,24.99,25.76,24.74,10.0,4.00,20.00,30.90,24.10,9.30
2025-03-11 15:36:16,25.71,29.05,18.68,24.77,24.46,24.59,24.97,25.72,24.75,10.0,4.00,20.00,30.89,24.10,8.91
2025-03-11 15:36:18,25.71,28.97,18.42,24.70,24.45,24.57,24.96,25.77,24.74,10.0,4.00,20.00,30.91,24.10,8.61
2025-03-11 15:36:20,25.71,29.11,18.18,24.64,24.44,24.54,24.93,25.59,24.75,10.0,4.00,20.00,30.89,24.10,8.60
2025-03-11 15:36:22,25.71,29.10,17.94,24.56,24.42,24.51,24.90,25.42,24.74,10.0,4.00,20.00,30.97,24.10,8.41
2025-03-11 15:36:24,25.71,29.05,17.71,24.49,24.42,24.49,24.88,25.27,24.76,10.0,4.00,20.00,30.90,24.10,8.31
2025-03-11 15:36:26,25.71,29.27,17.49,24.41,24.41,24.46,24.84,25.70,24.77,10.0,4.00,20.00,30.97,24.10,8.30
2025-03-11 15:36:28,25.71,29.45,17.26,24.32,24.40,24.44,24.81,25.61,24.77,10.0,4.00,20.00,30.90,24.10,8.30
2025-03-11 15:36:30,25.71,29.56,17.07,24.23,24.38,24.41,24.77,25.76,24.79,10.0,4.00,20.00,30.95,24.10,8.12
2025-03-11 15:36:32,25.71,29.28,16.84,24.12,24.36,24.36,24.73,25.36,24.77,10.0,4.00,20.00,30.89,24.10,8.28
2025-03-11 15:36:34,25.71,29.64,16.65,24.03,24.34,24.32,24.70,25.61,24.77,10.0,4.00,20.00,30.88,24.10,8.30
2025-03-11 15:36:36,25.71,29.60,16.45,23.93,24.32,24.28,24.66,25.69,24.76,10.0,4.00,20.00,30.87,24.10,8.22
2025-03-11 15:36:37,25.71,29.53,16.26,23.82,24.29,24.23,24.61,25.76,24.76,10.0,4.00,20.00,30.85,24.10,8.20
2025-03-11 15:36:39,25.71,29.84,16.06,23.70,24.26,24.16,24.54,25.55,24.75,10.0,4.00,20.00,30.86,24.10,8.20
2025-03-11 15:36:41,25.71,29.28,15.88,23.58,24.23,24.11,24.49,25.48,24.76,10.0,4.00,20.00,30.85,24.10,8.59
2025-03-11 15:36:43,25.71,29.05,15.69,23.46,24.21,24.05,24.43,25.56,24.76,10.0,4.00,20.00,30.86,24.10,9.14
2025-03-11 15:36:45,25.71,29.34,15.52,23.34,24.17,24.00,24.37,25.70,24.76,10.0,4.00,20.00,30.85,24.10,9.49
2025-03-11 15:36:47,25.71,29.02,15.34,23.22,24.14,23.93,24.31,25.35,24.75,10.0,4.00,20.00,30.85,24.10,9.67
2025-03-11 15:36:49,25.71,29.01,15.17,23.08,24.10,23.85,24.23,25.30,24.74,10.0,4.00,20.00,30.88,24.10,9.80
2025-03-11 15:36:51,25.71,29.36,15.00,22.96,24.07,23.79,24.17,25.60,24.74,10.0,4.00,20.00,30.82,24.10,9.80
2025-03-11 15:36:53,25.71,29.16,14.84,22.84,24.03,23.73,24.11,25.46,24.76,10.0,4.00,20.00,30.88,24.10,9.80
2025-03-11 15:36:55,25.71,29.11,14.66,22.70,23.98,23.64,24.03,25.51,24.75,10.0,4.00,20.00,30.80,24.10,9.90
2025-03-11 15:36:56,25.72,29.29,14.50,22.57,23.95,23.57,23.95,25.69,24.77,10.0,4.00,20.00,30.78,24.10,10.29
2025-03-11 15:36:58,25.72,29.11,14.34,22.43,23.90,23.49,23.88,25.67,24.77,10.0,4.00,20.00,30.77,24.10,10.20
2025-03-11 15:37:00,25.72,30.94,14.19,22.30,23.86,23.41,23.80,25.69,24.76,10.0,4.00,20.00,30.76,24.10,10.01
2025-03-11 15:37:02,25.72,30.49,14.02,22.16,23.81,23.32,23.71,25.48,24.76,10.0,4.00,20.00,30.78,24.10,10.00
2025-03-11 15:37:04,25.72,29.49,13.86,22.02,23.75,23.24,23.63,25.52,24.78,10.0,4.00,20.00,30.73,24.10,10.28
2025-03-11 15:37:06,25.72,29.30,13.71,21.88,23.71,23.15,23.54,25.58,24.78,10.0,4.00,20.00,30.79,24.10,10.58
2025-03-11 15:37:08,25.72,29.20,13.54,21.73,23.66,23.06,23.45,25.40,24.79,10.0,4.00,20.00,30.73,24.10,10.87
2025-03-11 15:37:10,25.72,29.21,13.41,21.61,23.61,22.98,23.37,25.46,24.79,10.0,4.00,20.00,30.78,24.10,10.90
2025-03-11 15:37:12,25.72,28.97,13.25,21.45,23.54,22.88,23.27,25.22,24.79,10.0,4.00,20.00,30.71,24.10,10.81
2025-03-11 15:37:14,25.72,29.45,13.11,21.33,23.49,22.80,23.19,25.61,24.80,10.0,4.00,20.00,30.76,24.10,10.72
2025-03-11 15:37:16,25.72,29.24,12.96,21.18,23.44,22.70,23.09,25.47,24.79,10.0,4.00,20.00,30.70,24.10,10.62
2025-03-11 15:37:17,25.72,29.29,12.81,21.03,23.37,22.59,22.99,25.38,24.78,10.0,4.00,20.00,30.74,24.10,10.31
2025-03-11 15:37:19,25.72,29.47,12.67,20.89,23.31,22.50,22.90,25.75,24.79,10.0,4.00,20.00,30.68,24.10,10.00
2025-03-11 15:37:21,25.72,29.51,12.53,20.75,23.27,22.41,22.81,25.71,24.80,10.0,4.00,20.00,30.65,24.10,9.61
2025-03-11 15:37:23,25.72,29.43,12.40,20.63,23.20,22.31,22.72,25.51,24.81,10.0,4.00,20.00,30.64,24.10,9.26
2025-03-11 15:37:25,25.72,29.70,12.24,20.46,23.13,22.20,22.62,25.65,24.81,10.0,4.00,20.00,30.63,24.10,8.99
2025-03-11 15:37:27,25.72,28.77,12.11,20.32,23.07,22.11,22.52,25.73,24.81,10.0,4.00,20.00,30.62,24.12,8.78
2025-03-11 15:37:29,25.72,29.63,11.98,20.20,23.02,22.01,22.42,25.78,24.81,10.0,4.00,20.00,30.60,24.19,8.70
2025-03-11 15:37:31,25.72,29.16,11.84,20.04,22.95,21.91,22.32,25.80,24.79,10.0,4.00,20.00,30.59,24.10,8.70
2025-03-11 15:37:33,25.72,29.31,11.70,19.90,22.87,21.80,22.22,25.81,24.79,10.0,4.00,20.00,30.59,24.10,8.80
2025-03-11 15:37:35,25.72,29.37,11.57,19.76,22.82,21.70,22.12,25.56,24.78,10.0,4.00,20.00,30.56,24.10,8.99
2025-03-11 15:37:37,25.72,29.28,11.42,19.61,22.74,21.59,22.01,25.63,24.77,10.0,4.00,20.00,30.60,24.10,9.10
2025-03-11 15:37:38,25.72,29.26,11.30,19.46,22.67,21.48,21.90,25.31,24.77,10.0,4.00,20.00,30.54,24.20,9.86
2025-03-11 15:37:40,25.72,29.24,11.16,19.33,22.60,21.39,21.81,25.31,24.78,10.0,4.00,20.00,30.61,24.20,10.56
2025-03-11 15:37:42,25.72,29.37,11.04,19.18,22.54,21.28,21.71,25.71,24.79,10.0,4.00,20.00,30.53,24.11,10.97
2025-03-11 15:37:44,25.72,29.40,10.91,19.04,22.47,21.18,21.60,25.81,24.81,10.0,4.00,20.00,30.57,24.19,11.37
2025-03-11 15:37:46,25.72,29.44,10.77,18.90,22.41,21.08,21.51,25.76,24.83,10.0,4.00,20.00,30.52,24.11,11.58
2025-03-11 15:37:48,25.72,29.52,10.65,18.76,22.34,20.97,21.40,25.55,24.82,10.0,4.00,20.00,30.54,24.10,11.25
2025-03-11 15:37:50,25.72,29.57,10.52,18.62,22.27,20.86,21.29,25.78,24.82,10.0,4.00,20.00,30.50,24.10,10.69
2025-03-11 15:37:52,25.72,29.68,10.40,18.48,22.19,20.76,21.19,25.65,24.83,10.0,4.00,20.00,30.49,24.10,10.03
2025-03-11 15:37:54,25.72,29.39,10.26,18.33,22.12,20.64,21.08,25.43,24.82,10.0,4.00,20.00,30.46,24.10,9.82
2025-03-11 15:37:56,25.72,29.67,10.15,18.21,22.05,20.54,20.99,25.64,24.83,10.0,4.00,20.00,30.43,24.10,9.80
2025-03-11 15:37:58,25.72,29.77,10.02,18.06,21.97,20.44,20.88,25.73,24.83,10.0,4.00,20.00,30.44,24.10,9.80
2025-03-11 15:37:59,25.72,29.01,9.91,17.93,21.92,20.34,20.78,25.82,24.84,10.0,4.00,20.00,30.43,24.10,9.80
2025-03-11 15:38:01,25.72,29.72,9.78,17.79,21.83,20.23,20.67,25.68,24.84,10.0,4.00,20.00,30.44,24.10,9.70
2025-03-11 15:38:03,25.72,29.59,9.66,17.65,21.76,20.12,20.56,25.73,24.84,10.0,4.00,20.00,30.43,24.14,9.56
2025-03-11 15:38:05,25.72,29.56,9.52,17.51,21.67,20.00,20.45,25.54,24.84,10.0,4.00,20.00,30.38,24.20,9.53
2025-03-11 15:38:07,25.72,29.45,9.40,17.37,21.60,19.90,20.33,25.53,24.82,10.0,4.00,20.00,30.36,24.19,9.59
2025-03-11 15:38:09,25.72,29.27,9.27,17.23,21.53,19.78,20.23,25.55,24.83,10.0,4.00,20.00,30.36,24.10,9.50
2025-03-11 15:38:11,25.72,29.64,9.15,17.10,21.45,19.68,20.13,25.64,24.82,10.0,4.00,20.00,30.33,24.20,9.40
2025-03-11 15:38:13,25.72,29.60,9.03,16.97,21.37,19.56,20.02,25.62,24.83,10.0,4.00,20.00,30.36,24.10,9.59
2025-03-11 15:38:15,25.72,29.34,8.91,16.82,21.29,19.46,19.92,25.53,24.84,10.0,4.00,20.00,30.31,24.20,10.08
2025-03-11 15:38:17,25.72,29.49,8.79,16.69,21.22,19.35,19.81,25.60,24.84,10.0,4.00,20.00,30.38,24.20,9.91
2025-03-11 15:38:18,25.72,29.52,8.68,16.56,21.15,19.27,19.72,25.93,24.84,10.0,4.00,20.00,30.30,24.11,9.62
2025-03-11 15:38:20,25.72,29.58,8.57,16.43,21.07,19.15,19.60,25.74,24.84,10.0,4.00,20.00,30.35,24.19,9.41
2025-03-11 15:38:22,25.72,29.62,8.45,16.31,21.00,19.05,19.50,25.88,24.84,10.0,4.00,20.00,30.28,24.11,9.12
2025-03-11 15:38:24,25.72,29.57,8.34,16.17,20.92,18.94,19.41,25.82,24.86,10.0,4.00,20.00,30.29,24.10,9.01
2025-03-11 15:38:26,25.72,29.48,8.22,16.05,20.85,18.83,19.29,25.74,24.86,10.0,4.00,20.00,30.26,24.10,8.82
2025-03-11 15:38:28,25.72,29.63,8.10,15.91,20.76,18.72,19.19,25.64,24.88,10.0,4.00,20.00,30.24,24.10,8.71
2025-03-11 15:38:30,25.72,29.50,7.99,15.77,20.68,18.62,19.08,25.56,24.87,10.0,4.00,20.00,30.22,24.10,8.45
2025-03-11 15:38:32,25.72,29.59,7.86,15.64,20.60,18.51,18.97,25.71,24.87,10.0,4.00,20.00,30.22,24.10,8.24
2025-03-11 15:38:34,25.72,29.55,7.74,15.51,20.53,18.39,18.86,25.72,24.86,10.0,4.00,20.00,30.23,24.17,8.13
2025-03-11 15:38:36,25.72,29.49,7.62,15.38,20.45,18.29,18.76,25.74,24.86,10.0,4.00,20.00,30.20,24.13,8.03
2025-03-11 15:38:38,25.73,29.38,7.53,15.25,20.36,18.18,18.65,25.65,24.85,10.0,4.00,20.00,30.24,24.10,7.88
2025-03-11 15:38:39,25.73,29.45,7.40,15.13,20.29,18.09,18.55,25.81,24.84,10.0,4.00,20.00,30.21,24.15,7.80
2025-03-11 15:38:41,25.73,29.73,7.30,15.00,20.23,17.99,18.45,25.85,24.84,10.0,4.00,20.00,30.20,24.20,7.88
2025-03-11 15:38:43,25.73,29.56,7.18,14.88,20.14,17.87,18.34,25.63,24.82,10.0,4.00,20.00,30.21,24.17,8.00
2025-03-11 15:38:45,25.73,29.74,7.08,14.75,20.06,17.77,18.24,25.90,24.83,10.0,4.00,20.00,30.16,24.10,8.00
2025-03-11 15:38:47,25.73,29.37,6.96,14.64,19.98,17.67,18.13,26.15,24.83,10.0,4.00,20.00,30.20,24.10,8.00
2025-03-11 15:38:49,25.73,29.56,6.86,14.50,19.90,17.56,18.02,25.80,24.82,10.0,4.00,20.00,30.13,24.20,7.90
2025-03-11 15:38:51,25.73,29.39,6.74,14.37,19.83,17.46,17.93,25.95,24.83,10.0,4.00,20.00,30.19,24.10,7.71
2025-03-11 15:38:53,25.73,28.74,6.64,14.25,19.75,17.35,17.81,25.75,24.83,10.0,4.00,20.00,30.11,24.20,7.80
2025-03-11 15:38:55,25.73,29.56,6.54,14.13,19.67,17.26,17.73,25.79,24.84,10.0,4.00,20.00,30.16,24.20,8.09
2025-03-11 15:38:57,25.73,29.54,6.43,14.02,19.61,17.17,17.64,25.95,24.85,10.0,4.00,20.00,30.09,24.20,8.48
2025-03-11 15:38:59,25.73,29.58,6.34,13.89,19.53,17.07,17.54,25.91,24.85,10.0,4.00,20.00,30.13,24.11,8.87
2025-03-11 15:39:00,25.73,29.69,6.24,13.79,19.47,16.98,17.44,26.11,24.86,10.0,4.00,20.00,30.07,24.10,9.55
2025-03-11 15:39:02,25.73,29.69,6.12,13.66,19.38,16.87,17.34,25.98,24.85,10.0,4.00,20.00,30.12,24.10,10.33
2025-03-11 15:39:04,25.73,29.70,6.01,13.53,19.29,16.75,17.23,25.96,24.86,10.0,4.00,20.00,30.05,24.19,11.02
2025-03-11 15:39:06,25.73,29.59,5.91,13.42,19.22,16.67,17.14,25.72,24.87,10.0,4.00,20.00,30.09,24.11,11.10
2025-03-11 15:39:08,25.73,29.60,5.81,13.30,19.15,16.57,17.04,25.80,24.87,10.0,4.00,20.00,30.03,24.10,11.76
2025-03-11 15:39:10,25.73,29.66,5.71,13.19,19.07,16.47,16.93,25.95,24.88,10.0,4.00,20.00,30.04,24.10,12.37
2025-03-11 15:39:12,25.73,29.64,5.59,13.05,18.97,16.36,16.84,25.99,24.87,10.0,4.00,20.00,30.01,24.10,12.57
2025-03-11 15:39:14,25.73,29.60,5.49,12.94,18.91,16.26,16.74,25.92,24.87,10.0,4.00,20.00,29.99,24.10,12.74
2025-03-11 15:39:16,25.73,29.69,5.41,12.83,18.84,16.17,16.65,26.18,24.89,10.0,4.00,20.00,29.98,24.10,12.80
2025-03-11 15:39:18,25.73,29.57,5.29,12.71,18.76,16.07,16.54,25.73,24.86,10.0,4.00,20.00,29.97,24.10,12.75
2025-03-11 15:39:20,25.73,29.50,5.19,12.60,18.68,15.97,16.44,25.84,24.88,10.0,4.00,20.00,30.00,24.14,12.79
2025-03-11 15:39:21,25.73,29.46,5.09,12.48,18.60,15.88,16.35,25.70,24.89,10.0,4.00,20.00,30.00,24.17,12.96
2025-03-11 15:39:23,25.73,29.47,4.99,12.36,18.52,15.77,16.25,25.72,24.88,10.0,4.00,20.00,29.95,24.10,13.07
2025-03-11 15:39:25,25.73,29.36,4.88,12.25,18.43,15.67,16.14,25.48,24.88,10.0,4.00,20.00,29.96,24.10,12.90
2025-03-11 15:39:27,25.73,32.26,4.79,12.14,18.37,15.58,16.05,25.81,24.89,10.0,4.00,20.00,29.93,24.10,12.70
2025-03-11 15:39:29,25.73,32.26,4.69,12.02,18.28,15.49,15.95,25.75,24.88,10.0,4.00,20.00,29.91,24.10,12.02
2025-03-11 15:39:31,25.73,32.24,4.58,11.90,18.20,15.38,15.85,25.46,24.87,10.0,4.00,20.00,29.91,24.10,11.42
2025-03-11 15:39:33,25.73,32.24,4.50,11.80,18.15,15.30,15.77,25.84,24.87,10.0,4.00,20.00,29.89,24.10,10.92
2025-03-11 15:39:35,25.73,32.24,4.40,11.69,18.05,15.20,15.66,25.72,24.85,10.0,4.00,20.00,29.92,24.10,10.52
2025-03-11 15:39:37,25.73,32.22,4.29,11.57,17.98,15.09,15.57,25.86,24.86,10.0,4.00,20.00,29.89,24.10,10.50
2025-03-11 15:39:39,25.73,32.21,4.20,11.46,17.91,15.00,15.47,25.69,24.87,10.0,4.00,20.00,29.94,24.10,10.59
2025-03-11 15:39:41,25.73,32.21,4.11,11.35,17.84,14.91,15.38,25.80,24.88,10.0,4.00,20.00,29.87,24.10,11.42
2025-03-11 15:39:42,25.73,32.18,4.00,11.23,17.73,14.80,15.28,25.47,24.88,10.0,4.00,20.00,29.90,24.10,12.57
2025-03-11 15:39:44,25.73,32.18,3.92,11.14,17.68,14.72,15.20,25.60,24.90,10.0,4.00,20.00,29.86,24.10,13.39
2025-03-11 15:39:46,25.73,32.17,3.82,11.03,17.61,14.62,15.10,25.78,24.92,10.0,4.00,20.00,29.85,24.10,14.33
2025-03-11 15:39:48,25.73,32.14,3.73,10.91,17.52,14.54,15.01,25.63,24.92,10.0,4.00,20.00,29.83,24.10,15.29
2025-03-11 15:39:50,25.73,32.12,3.63,10.80,17.46,14.45,14.92,25.96,24.93,10.0,4.00,20.00,29.82,24.10,15.95
2025-03-11 15:39:52,25.73,32.09,3.54,10.71,17.37,14.35,14.82,25.69,24.91,10.0,4.00,20.00,29.82,24.10,16.10
2025-03-11 15:39:54,25.73,32.06,3.44,10.59,17.29,14.25,14.73,25.59,24.91,10.0,4.00,20.00,29.80,24.10,15.72
2025-03-11 15:39:56,25.73,32.05,3.35,10.49,17.23,14.17,14.64,26.11,24.92,10.0,4.00,20.00,29.81,24.10,15.40
2025-03-11 15:39:58,25.73,32.01,3.25,10.38,17.14,14.07,14.54,25.72,24.91,10.0,3.85,20.00,29.80,24.10,14.95
2025-03-11 15:40:00,25.73,31.98,3.18,10.28,17.08,13.98,14.45,25.75,24.92,10.0,3.85,20.00,29.79,24.10,14.54
2025-03-11 15:40:01,25.73,31.92,3.11,10.17,17.00,13.89,14.36,25.97,24.93,10.0,3.85,20.00,29.82,24.10,14.67
2025-03-11 15:40:03,25.73,31.88,3.04,10.08,16.94,13.81,14.28,26.10,24.94,10.0,3.85,20.00,29.77,24.10,14.99
2025-03-11 15:40:05,25.73,31.80,3.01,9.98,16.86,13.72,14.19,25.99,24.94,10.0,3.58,20.00,29.79,24.10,14.41
2025-03-11 15:40:07,25.73,31.69,2.95,9.87,16.79,13.63,14.11,26.21,24.95,10.0,3.58,20.00,29.74,24.10,14.50
2025-03-11 15:40:09,25.73,31.60,2.89,9.77,16.71,13.53,14.01,26.08,24.94,10.0,3.58,20.00,29.74,24.10,13.92
2025-03-11 15:40:11,25.73,31.49,2.87,9.66,16.63,13.44,13.92,25.94,24.95,10.0,3.37,20.00,29.73,24.10,13.42
2025-03-11 15:40:13,25.73,31.38,2.82,9.55,16.57,13.35,13.82,25.89,24.94,10.0,3.37,20.00,29.72,24.10,12.73
2025-03-11 15:40:15,25.73,31.30,2.79,9.47,16.50,13.28,13.75,26.20,24.96,10.0,3.37,20.00,29.71,24.10,12.70
2025-03-11 15:40:17,25.73,31.19,2.78,9.36,16.42,13.19,13.67,26.02,24.97,10.0,3.05,20.00,29.71,24.10,12.61
2025-03-11 15:40:19,25.73,31.03,2.77,9.25,16.35,13.10,13.57,26.02,24.97,10.0,3.05,20.00,29.69,24.10,12.14
2025-03-11 15:40:21,25.73,30.91,2.74,9.15,16.27,13.00,13.47,25.78,24.95,10.0,2.81,20.00,29.68,24.10,11.57
2025-03-11 15:40:22,25.73,30.78,2.76,9.05,16.21,12.92,13.39,25.86,24.96,10.0,2.81,20.00,29.67,24.10,11.41
2025-03-11 15:40:24,25.73,30.62,2.77,8.96,16.12,12.84,13.31,26.13,24.95,10.0,2.81,20.00,29.67,24.10,11.15
2025-03-11 15:40:26,25.73,30.48,2.76,8.84,16.05,12.73,13.20,25.82,24.94,10.0,2.81,20.00,29.67,24.02,11.02
2025-03-11 15:40:28,25.73,30.34,2.78,8.76,15.99,12.66,13.14,26.10,24.94,10.0,2.55,20.00,29.66,24.08,11.00
2025-03-11 15:40:30,25.73,30.17,2.80,8.66,15.91,12.58,13.04,25.86,24.95,10.0,2.55,20.00,29.64,24.03,10.79
2025-03-11 15:40:32,25.73,30.03,2.81,8.57,15.84,12.49,12.96,25.93,24.95,10.0,2.23,20.00,29.64,24.00,10.70
2025-03-11 15:40:34,25.73,29.87,2.87,8.48,15.77,12.41,12.88,26.16,24.95,10.0,2.23,20.00,29.65,24.06,10.70
2025-03-11 15:40:36,25.73,29.71,2.93,8.40,15.70,12.32,12.81,26.13,24.96,10.0,2.23,20.00,29.62,24.05,10.88
2025-03-11 15:40:38,25.73,29.53,2.95,8.29,15.63,12.24,12.71,25.82,24.94,10.0,2.01,20.00,29.61,24.00,11.20
2025-03-11 15:40:40,25.73,29.36,3.02,8.22,15.57,12.16,12.64,26.01,24.95,10.0,2.01,20.00,29.61,24.00,11.41
2025-03-11 15:40:42,25.73,29.18,3.07,8.12,15.49,12.08,12.55,25.93,24.93,10.0,2.01,20.00,29.59,24.00,11.50
2025-03-11 15:40:43,25.73,29.02,3.11,8.05,15.43,12.01,12.48,26.18,24.95,10.0,2.01,20.00,29.60,24.10,11.60
2025-03-11 15:40:45,25.73,28.84,3.20,7.96,15.36,11.92,12.39,26.16,24.93,10.0,1.66,20.00,29.59,24.00,11.79
2025-03-11 15:40:47,25.73,28.62,3.29,7.88,15.28,11.84,12.32,26.08,24.94,10.0,1.66,20.00,29.58,24.10,11.99
2025-03-11 15:40:49,25.73,28.44,3.35,7.80,15.22,11.77,12.23,26.12,24.93,10.0,1.44,20.00,29.57,24.00,12.19
2025-03-11 15:40:51,25.73,28.27,3.45,7.73,15.15,11.67,12.16,26.00,24.95,10.0,1.44,20.00,29.57,24.00,12.10
2025-03-11 15:40:53,25.73,28.07,3.53,7.65,15.08,11.61,12.08,26.01,24.97,10.0,1.44,20.00,29.56,24.00,11.72
2025-03-11 15:40:55,25.73,27.91,3.61,7.58,15.02,11.55,12.02,25.98,24.97,10.0,1.44,20.00,29.60,24.00,11.61
2025-03-11 15:40:57,25.73,27.72,3.74,7.52,14.95,11.48,11.95,26.29,24.98,10.0,1.16,20.00,29.55,24.00,11.51
2025-03-11 15:40:59,25.73,27.54,3.85,7.46,14.90,11.40,11.87,25.99,24.98,10.0,1.16,20.00,29.54,24.00,11.86
2025-03-11 15:41:01,25.73,27.36,3.94,7.39,14.83,11.33,11.80,26.15,24.98,10.0,1.16,20.00,29.53,24.00,11.99
2025-03-11 15:41:03,25.73,27.19,4.07,7.33,14.77,11.26,11.73,26.14,24.99,10.0,0.95,20.00,29.53,24.00,12.42
2025-03-11 15:41:04,25.73,27.00,4.19,7.28,14.71,11.20,11.66,26.25,25.00,10.0,0.95,20.00,29.53,24.00,12.58
2025-03-11 15:41:06,25.73,26.86,4.29,7.22,14.66,11.14,11.61,26.25,25.00,10.0,0.95,20.00,29.51,24.00,12.60
2025-03-11 15:41:08,25.73,26.69,4.48,7.18,14.59,11.07,11.54,26.17,25.00,10.0,0.54,20.00,29.54,24.00,12.46
2025-03-11 15:41:10,25.73,26.48,4.64,7.13,14.54,11.03,11.49,26.06,25.00,10.0,0.54,20.00,29.53,24.00,12.34
2025-03-11 15:41:12,25.73,26.30,4.77,7.08,14.47,10.96,11.42,25.99,24.99,10.0,0.59,20.00,29.50,24.00,12.24
2025-03-11 15:41:14,25.73,26.16,4.90,7.05,14.41,10.90,11.38,26.27,25.00,10.0,0.59,20.00,29.49,24.00,12.25
2025-03-11 15:41:16,25.73,26.01,5.00,7.00,14.36,10.84,11.31,26.14,25.00,10.0,0.59,20.00,29.49,24.00,12.26
2025-03-11 15:41:18,25.73,25.87,5.11,6.95,14.30,10.78,11.24,25.99,24.99,10.0,0.59,20.00,29.49,24.00,12.18
2025-03-11 15:41:20,25.73,25.73,5.32,6.93,14.26,10.74,11.20,25.89,24.99,10.0,0.14,20.00,29.53,24.00,12.09
2025-03-11 15:41:22,25.73,25.49,5.50,6.88,14.19,10.68,11.14,25.88,24.99,10.0,0.14,20.00,29.47,24.00,11.81
2025-03-11 15:41:24,25.73,25.29,5.65,6.86,14.15,10.64,11.10,26.07,25.00,10.0,0.12,20.00,29.45,24.00,11.51
2025-03-11 15:41:25,25.73,25.09,5.80,6.84,14.09,10.59,11.05,25.88,24.99,10.0,0.12,20.00,29.46,24.00,11.60
2025-03-11 15:41:27,25.73,24.86,5.95,6.82,14.04,10.55,11.01,25.79,24.99,10.0,0.12,20.00,29.45,24.00,11.60
2025-03-11 15:41:29,25.73,24.67,6.08,6.80,14.00,10.51,10.97,25.58,24.99,10.0,0.12,20.00,29.50,23.90,11.22
2025-03-11 15:41:31,25.73,24.60,6.35,6.79,13.95,10.46,10.92,25.64,24.99,10.0,0.11,20.00,29.45,23.99,10.92
2025-03-11 15:41:33,25.73,24.63,6.59,6.79,13.91,10.43,10.89,25.96,24.99,10.0,0.11,20.00,29.43,23.91,10.53
2025-03-11 15:41:35,25.73,24.53,6.78,6.78,13.86,10.39,10.85,26.02,24.99,10.0,0.11,20.00,29.45,23.90,10.32
2025-03-11 15:41:37,25.73,24.42,6.97,6.78,13.82,10.37,10.82,25.88,24.99,10.0,0.15,20.00,29.43,23.90,9.94
2025-03-11 15:41:39,25.73,24.30,7.14,6.77,13.78,10.33,10.79,25.80,24.99,10.0,0.15,20.00,29.44,23.90,9.64
2025-03-11 15:41:41,25.73,24.21,7.30,6.78,13.74,10.31,10.77,25.90,25.00,10.0,0.15,20.00,29.41,23.90,9.35
2025-03-11 15:41:43,25.73,24.11,7.48,6.79,13.71,10.27,10.74,25.71,24.98,10.0,0.34,20.00,29.44,23.90,9.38
2025-03-11 15:41:44,25.73,24.02,7.63,6.80,13.67,10.25,10.71,25.81,24.99,10.0,0.34,20.00,29.42,23.90,9.71
2025-03-11 15:41:46,25.73,23.94,7.76,6.81,13.64,10.24,10.69,25.84,24.98,10.0,0.38,20.00,29.41,23.90,9.65
2025-03-11 15:41:48,25.73,23.88,7.91,6.83,13.60,10.22,10.67,25.64,24.98,10.0,0.38,20.00,29.41,23.90,9.27
2025-03-11 15:41:50,25.73,23.83,8.05,6.86,13.58,10.21,10.66,25.87,24.98,10.0,0.38,20.00,29.41,23.90,8.70
2025-03-11 15:41:52,25.73,23.78,8.18,6.87,13.54,10.18,10.62,25.55,24.98,10.0,0.44,20.00,29.42,23.90,8.21
2025-03-11 15:41:54,25.73,23.73,8.32,6.90,13.51,10.17,10.62,25.60,24.97,10.0,0.44,20.00,29.42,23.90,7.89
2025-03-11 15:41:56,25.73,23.69,8.46,6.93,13.49,10.17,10.61,25.69,24.98,10.0,0.44,20.00,29.40,23.90,7.66
2025-03-11 15:41:58,25.73,23.63,8.58,6.95,13.45,10.15,10.59,25.56,24.97,10.0,0.44,20.00,29.43,23.90,7.50
2025-03-11 15:42:00,25.73,23.57,8.75,7.00,13.43,10.16,10.61,25.83,24.97,10.0,0.51,20.00,29.40,23.90,7.40
2025-03-11 15:42:02,25.73,23.51,8.88,7.03,13.40,10.15,10.58,25.61,24.95,10.0,0.51,20.00,29.39,23.90,7.50
2025-03-11 15:42:04,25.73,23.47,9.01,7.08,13.38,10.15,10.59,25.68,24.95,10.0,0.39,20.00,29.39,23.90,7.31
2025-03-11 15:42:05,25.73,23.43,9.11,7.12,13.37,10.15,10.59,25.52,24.95,10.0,0.39,20.00,29.38,23.90,7.11
2025-03-11 15:42:07,25.73,23.42,9.21,7.17,13.35,10.17,10.60,25.66,24.95,10.0,0.39,20.00,29.40,23.80,6.91
2025-03-11 15:42:09,25.73,23.40,9.32,7.22,13.34,10.17,10.61,25.93,24.96,10.0,0.39,20.00,29.38,23.89,6.90
2025-03-11 15:42:11,25.73,23.37,9.47,7.29,13.32,10.20,10.62,25.86,24.96,10.0,0.56,20.00,29.43,23.90,6.99
2025-03-11 15:42:13,25.73,23.32,9.61,7.33,13.31,10.20,10.63,25.86,24.97,10.0,0.56,20.00,29.39,23.90,7.00
2025-03-11 15:42:15,25.73,23.29,9.74,7.39,13.31,10.23,10.64,25.92,24.95,10.0,0.56,20.00,29.39,23.81,6.82
2025-03-11 15:42:17,25.73,23.30,9.80,7.45,13.30,10.24,10.66,25.86,24.95,10.0,0.28,20.00,29.40,23.80,6.62
2025-03-11 15:42:19,25.73,23.31,9.84,7.51,13.29,10.25,10.67,25.99,24.95,10.0,0.28,20.00,29.39,23.80,6.26
2025-03-11 15:42:21,25.73,23.31,9.91,7.56,13.27,10.26,10.68,25.84,24.95,10.0,0.28,20.00,29.40,23.80,6.04
2025-03-11 15:42:23,25.73,23.31,10.04,7.63,13.28,10.28,10.69,25.91,24.94,10.0,0.48,20.00,29.38,23.80,6.00
2025-03-11 15:42:25,25.73,23.27,10.16,7.70,13.28,10.31,10.73,25.94,24.95,10.0,0.48,20.00,29.38,23.80,6.07
2025-03-11 15:42:26,25.73,23.24,10.27,7.75,13.28,10.34,10.74,25.90,24.94,10.0,0.32,20.00,29.42,23.80,5.97
2025-03-11 15:42:28,25.73,23.23,10.33,7.82,13.28,10.37,10.77,25.88,24.95,10.0,0.32,20.00,29.40,23.80,5.84
2025-03-11 15:42:30,25.73,23.23,10.40,7.90,13.28,10.40,10.80,25.95,24.95,10.0,0.32,20.00,29.38,23.80,5.80
2025-03-11 15:42:32,25.73,23.20,10.45,7.96,13.26,10.41,10.82,25.65,24.94,10.0,0.32,20.00,29.38,23.80,5.80
2025-03-11 15:42:34,25.73,23.19,10.51,8.02,13.28,10.45,10.86,25.81,24.93,10.0,0.24,20.00,29.39,23.80,5.80
2025-03-11 15:42:36,25.73,23.19,10.58,8.09,13.28,10.47,10.87,25.60,24.93,10.0,0.24,20.00,29.38,23.80,5.79
2025-03-11 15:42:38,25.73,23.20,10.64,8.17,13.28,10.50,10.90,25.62,24.93,10.0,0.24,20.00,29.43,23.80,5.70
2025-03-11 15:42:40,25.73,23.22,10.64,8.23,13.29,10.55,10.94,25.72,24.95,10.0,0.01,20.00,29.39,23.80,5.80
2025-03-11 15:42:42,25.73,23.24,10.63,8.30,13.29,10.57,10.96,25.46,24.94,10.0,0.01,20.00,29.41,23.80,5.90
2025-03-11 15:42:44,25.73,23.27,10.65,8.36,13.30,10.61,11.00,25.71,24.95,10.0,0.01,20.00,29.40,23.80,6.00
2025-03-11 15:42:46,25.73,23.29,10.76,8.46,13.31,10.65,11.04,25.91,24.96,10.0,0.22,20.00,29.40,23.80,6.10
2025-03-11 15:42:47,25.73,23.26,10.83,8.51,13.30,10.68,11.06,25.48,24.95,10.0,0.22,20.00,29.42,23.80,6.01
2025-03-11 15:42:49,25.73,23.26,10.90,8.58,13.32,10.72,11.10,25.55,24.96,10.0,0.22,20.00,29.41,23.80,6.00
2025-03-11 15:42:51,25.73,23.28,10.91,8.66,13.35,10.77,11.15,25.88,24.97,10.0,0.02,20.00,29.40,23.80,5.91
2025-03-11 15:42:53,25.73,23.33,10.92,8.74,13.37,10.81,11.20,25.75,24.97,10.0,0.02,20.00,29.41,23.80,5.90
2025-03-11 15:42:55,25.73,23.36,10.94,8.80,13.37,10.85,11.23,25.80,24.97,10.0,0.02,20.00,29.40,23.80,5.90
2025-03-11 15:42:57,25.73,23.40,10.93,8.87,13.39,10.89,11.27,25.61,24.97,10.0,0.18,20.00,29.45,23.80,5.90
2025-03-11 15:42:59,25.73,23.45,10.92,8.95,13.40,10.93,11.30,25.66,24.97,10.0,0.18,20.00,29.42,23.72,5.90
2025-03-11 15:43:01,25.73,23.48,10.91,9.00,13.40,10.96,11.33,25.45,24.96,10.0,0.26,20.00,29.42,23.70,5.90
2025-03-11 15:43:03,25.73,23.51,10.90,9.08,13.43,11.01,11.38,25.66,24.97,10.0,0.26,20.00,29.42,23.70,5.83
2025-03-11 15:43:05,25.73,23.57,10.90,9.15,13.46,11.06,11.43,25.72,24.98,10.0,0.26,20.00,29.41,23.70,5.80
2025-03-11 15:43:06,25.73,23.62,10.90,9.22,13.47,11.10,11.47,25.70,24.97,10.0,0.26,20.00,29.43,23.70,5.80
2025-03-11 15:43:08,25.73,23.68,10.89,9.29,13.49,11.15,11.52,25.72,24.97,10.0,0.36,20.00,29.43,23.70,5.85
2025-03-11 15:43:10,25.73,23.72,10.87,9.35,13.51,11.18,11.54,25.55,24.97,10.0,0.36,20.00,29.44,23.70,5.94
2025-03-11 15:43:12,25.73,23.78,10.86,9.41,13.53,11.23,11.59,25.67,24.96,10.0,0.36,20.00,29.47,23.70,5.97
2025-03-11 15:43:14,25.73,23.84,10.78,9.48,13.55,11.27,11.63,25.68,24.96,10.0,0.64,20.00,29.42,23.70,5.90
2025-03-11 15:43:16,25.73,23.90,10.73,9.53,13.56,11.31,11.67,25.62,24.96,10.0,0.64,20.00,29.43,23.70,5.90
2025-03-11 15:43:18,25.73,23.96,10.68,9.59,13.58,11.35,11.71,25.40,24.94,10.0,0.47,20.00,29.43,23.70,5.80
2025-03-11 15:43:20,25.73,24.00,10.68,9.66,13.60,11.40,11.74,25.50,24.94,10.0,0.47,20.00,29.42,23.70,5.70
2025-03-11 15:43:22,25.73,24.01,10.69,9.73,13.63,11.45,11.81,25.79,24.95,10.0,0.47,20.00,29.44,23.70,5.70
2025-03-11 15:43:24,25.73,24.00,10.70,9.77,13.64,11.48,11.83,25.58,24.94,10.0,0.76,20.00,29.43,23.70,5.70
2025-03-11 15:43:26,25.73,24.02,10.61,9.83,13.66,11.52,11.86,25.65,24.93,10.0,0.76,20.00,29.49,23.70,5.61
2025-03-11 15:43:27,25.73,24.10,10.56,9.89,13.69,11.56,11.91,25.67,24.94,10.0,0.76,20.00,29.45,23.70,5.79
2025-03-11 15:43:29,25.73,24.19,10.53,9.94,13.71,11.60,11.95,25.66,24.95,10.0,0.76,20.00,29.48,23.70,5.98
2025-03-11 15:43:31,25.73,24.26,10.48,9.99,13.73,11.64,11.98,25.48,24.94,10.0,0.81,20.00,29.45,23.70,6.00
2025-03-11 15:43:33,25.73,24.33,10.44,10.04,13.76,11.69,12.04,25.70,24.95,10.0,0.81,20.00,29.45,23.70,6.18
2025-03-11 15:43:35,25.73,24.37,10.41,10.09,13.78,11.73,12.07,25.97,24.96,10.0,0.92,20.00,29.45,23.70,6.29
2025-03-11 15:43:37,25.73,24.42,10.35,10.14,13.80,11.77,12.11,25.87,24.97,10.0,0.92,20.00,29.45,23.70,6.30
2025-03-11 15:43:39,25.73,24.47,10.31,10.17,13.81,11.79,12.14,25.68,24.96,10.0,0.92,20.00,29.45,23.70,6.46
2025-03-11 15:43:41,25.73,24.50,10.27,10.21,13.84,11.83,12.18,25.80,24.97,10.0,0.92,20.00,29.45,23.70,6.94
2025-03-11 15:43:43,25.73,24.54,10.20,10.25,13.85,11.86,12.19,25.56,24.96,10.0,0.99,20.00,29.46,23.70,7.44
2025-03-11 15:43:45,25.73,24.57,10.14,10.27,13.86,11.88,12.22,25.55,24.95,10.0,0.99,20.00,29.47,23.70,7.78
2025-03-11 15:43:47,25.73,24.62,10.11,10.32,13.89,11.93,12.27,25.67,24.96,10.0,0.99,20.00,29.43,23.65,7.85
2025-03-11 15:43:48,25.73,24.68,10.05,10.35,13.91,11.96,12.29,25.47,24.96,10.0,1.04,20.00,29.36,23.60,7.80
2025-03-11 15:43:50,25.73,24.73,10.01,10.38,13.93,11.99,12.33,25.55,24.96,10.0,1.04,20.00,29.39,23.63,7.80
2025-03-11 15:43:52,25.73,24.78,9.98,10.42,13.96,12.04,12.36,25.77,24.97,10.0,1.04,20.00,29.45,23.69,7.81
2025-03-11 15:43:54,25.73,24.86,9.91,10.46,13.97,12.06,12.39,25.64,24.95,10.0,1.16,20.00,29.42,23.60,7.90
2025-03-11 15:43:56,25.73,24.92,9.85,10.47,13.98,12.08,12.42,25.77,24.96,10.0,1.16,20.00,29.45,23.60,7.80
2025-03-11 15:43:58,25.73,24.99,9.80,10.50,14.00,12.11,12.44,25.59,24.96,10.0,1.22,20.00,29.44,23.60,7.70
2025-03-11 15:44:00,25.73,25.05,9.75,10.52,14.02,12.13,12.46,25.35,24.96,10.0,1.22,20.00,29.45,23.60,7.60
2025-03-11 15:44:02,25.73,25.10,9.69,10.55,14.03,12.15,12.49,25.52,24.94,10.0,1.22,20.00,29.46,23.60,7.50
2025-03-11 15:44:04,25.73,25.16,9.64,10.56,14.05,12.18,12.51,25.44,24.95,10.0,1.22,20.00,29.46,23.60,7.31
2025-03-11 15:44:06,25.73,25.20,9.57,10.58,14.06,12.20,12.53,25.44,24.94,10.0,1.29,20.00,29.52,23.60,7.11
2025-03-11 15:44:08,25.73,25.26,9.51,10.60,14.07,12.21,12.55,25.21,24.92,10.0,1.29,20.00,29.47,23.60,7.01
2025-03-11 15:44:09,25.73,25.32,9.46,10.61,14.09,12.24,12.56,25.30,24.92,10.0,1.29,20.00,29.47,23.60,6.82
2025-03-11 15:44:11,25.73,25.38,9.42,10.63,14.11,12.26,12.60,25.51,24.93,10.0,1.31,20.00,29.49,23.60,6.45
2025-03-11 15:44:13,25.73,25.43,9.36,10.64,14.12,12.28,12.61,25.58,24.92,10.0,1.31,20.00,29.48,23.60,6.23
2025-03-11 15:44:15,25.73,25.48,9.33,10.66,14.13,12.29,12.63,25.61,24.92,10.0,1.31,20.00,29.49,23.60,6.20
2025-03-11 15:44:17,25.73,25.52,9.26,10.66,14.14,12.30,12.64,25.48,24.92,10.0,1.35,20.00,29.49,23.60,6.12
2025-03-11 15:44:19,25.73,25.56,9.23,10.67,14.15,12.33,12.67,25.82,24.93,10.0,1.35,20.00,29.48,23.53,6.03
2025-03-11 15:44:21,25.73,25.61,9.19,10.67,14.16,12.36,12.68,25.69,24.92,10.0,1.39,20.00,29.53,23.50,6.14
2025-03-11 15:44:23,25.73,25.65,9.14,10.70,14.19,12.37,12.70,26.08,24.93,10.0,1.39,20.00,29.51,23.56,6.38
2025-03-11 15:44:25,25.73,25.66,9.07,10.69,14.20,12.38,12.71,25.69,24.92,10.0,1.39,20.00,29.49,23.55,6.44
2025-03-11 15:44:27,25.73,25.67,9.04,10.70,14.20,12.38,12.72,25.67,24.92,10.0,1.43,20.00,29.49,23.54,6.40
2025-03-11 15:44:29,25.73,25.70,9.00,10.70,14.22,12.40,12.73,25.65,24.93,10.0,1.43,20.00,29.50,23.57,6.40
2025-03-11 15:44:30,25.73,25.74,8.95,10.70,14.24,12.42,12.75,26.04,24.94,10.0,1.43,20.00,29.50,23.50,6.36
2025-03-11 15:44:32,25.73,25.78,8.91,10.71,14.23,12.42,12.75,25.85,24.94,10.0,1.43,20.00,29.55,23.50,6.11
2025-03-11 15:44:34,25.73,25.83,8.86,10.70,14.25,12.42,12.76,25.80,24.95,10.0,1.48,20.00,29.49,23.50,5.81
2025-03-11 15:44:36,25.73,25.89,8.81,10.69,14.25,12.44,12.76,25.67,24.95,10.0,1.48,20.00,29.49,23.50,5.99
2025-03-11 15:44:38,25.73,25.93,8.75,10.69,14.25,12.43,12.76,25.68,24.94,10.0,1.42,20.00,29.49,23.50,6.48
2025-03-11 15:44:40,25.73,25.98,8.73,10.69,14.27,12.44,12.77,25.80,24.94,10.0,1.42,20.00,29.48,23.50,6.69
2025-03-11 15:44:42,25.73,26.01,8.71,10.69,14.28,12.45,12.78,26.25,24.95,10.0,1.42,20.00,29.56,23.50,6.89
2025-03-11 15:44:44,25.73,26.03,8.68,10.68,14.28,12.46,12.79,26.09,24.95,10.0,1.42,20.00,29.50,23.50,6.90
2025-03-11 15:44:46,25.73,26.05,8.63,10.66,14.28,12.45,12.79,25.97,24.94,10.0,1.49,20.00,29.50,23.50,6.81
2025-03-11 15:44:48,25.73,26.07,8.59,10.66,14.28,12.47,12.79,26.00,24.94,10.0,1.49,20.00,29.51,23.50,6.80
2025-03-11 15:44:49,25.73,26.11,8.56,10.66,14.29,12.46,12.79,26.14,24.95,10.0,1.49,20.00,29.50,23.50,6.71
2025-03-11 15:44:51,25.73,26.11,8.52,10.64,14.29,12.46,12.79,25.82,24.93,10.0,1.45,20.00,29.50,23.50,7.13
2025-03-11 15:44:53,25.73,26.11,8.47,10.62,14.29,12.45,12.79,26.00,24.94,10.0,1.45,20.00,29.49,23.50,7.20
2025-03-11 15:44:55,25.73,26.12,8.44,10.62,14.28,12.45,12.78,25.86,24.92,10.0,1.43,20.00,29.51,23.50,7.12
2025-03-11 15:44:57,25.73,26.13,8.41,10.60,14.28,12.44,12.77,25.67,24.91,10.0,1.43,20.00,29.50,23.50,7.03
2025-03-11 15:44:59,25.73,26.13,8.40,10.58,14.29,12.44,12.77,25.62,24.92,10.0,1.43,20.00,29.50,23.50,6.86
2025-03-11 15:45:01,25.73,26.14,8.38,10.57,14.28,12.43,12.76,25.60,24.92,10.0,1.43,20.00,29.53,23.50,6.80
2025-03-11 15:45:03,25.73,26.14,8.35,10.54,14.28,12.42,12.76,25.70,24.92,10.0,1.42,20.00,29.50,23.50,6.85
2025-03-11 15:45:05,25.73,26.15,8.33,10.54,14.29,12.43,12.77,26.04,24.94,10.0,1.42,20.00,29.50,23.50,6.90
2025-03-11 15:45:07,25.73,26.15,8.31,10.53,14.28,12.42,12.75,25.86,24.93,10.0,1.42,20.00,29.54,23.50,6.87
2025-03-11 15:45:09,25.73,26.15,8.28,10.50,14.27,12.40,12.75,26.01,24.94,10.0,1.42,20.00,29.50,23.50,6.82
2025-03-11 15:45:10,25.73,26.15,8.25,10.48,14.26,12.40,12.74,25.89,24.93,10.0,1.42,20.00,29.49,23.50,6.90
2025-03-11 15:45:12,25.73,26.15,8.23,10.46,14.26,12.39,12.72,25.72,24.91,10.0,1.36,20.00,29.55,23.50,7.39
2025-03-11 15:45:14,25.73,26.16,8.22,10.45,14.26,12.38,12.71,25.78,24.92,10.0,1.36,20.00,29.50,23.40,7.30
2025-03-11 15:45:16,25.73,26.14,8.20,10.42,14.25,12.36,12.70,25.62,24.91,10.0,1.36,20.00,29.49,23.50,7.59
2025-03-11 15:45:18,25.73,26.12,8.18,10.40,14.25,12.36,12.70,25.89,24.93,10.0,1.36,20.00,29.54,23.50,7.79
2025-03-11 15:45:20,25.73,26.13,8.20,10.39,14.25,12.36,12.69,25.99,24.93,10.0,1.28,20.00,29.50,23.40,8.18
2025-03-11 15:45:22,25.73,26.10,8.22,10.39,14.26,12.35,12.69,26.28,24.95,10.0,1.28,20.00,29.48,23.49,9.05
2025-03-11 15:45:24,25.73,26.08,8.20,10.35,14.24,12.34,12.67,26.01,24.94,10.0,1.41,20.00,29.52,23.41,9.01
2025-03-11 15:45:26,25.73,26.07,8.16,10.34,14.24,12.33,12.67,26.24,24.95,10.0,1.41,20.00,29.50,23.40,8.82
2025-03-11 15:45:28,25.73,26.06,8.12,10.31,14.22,12.31,12.65,25.83,24.93,10.0,1.41,20.00,29.49,23.40,8.71
2025-03-11 15:45:30,25.73,26.06,8.10,10.30,14.22,12.30,12.64,26.09,24.96,10.0,1.24,20.00,29.50,23.49,9.05
2025-03-11 15:45:31,25.73,26.04,8.12,10.28,14.22,12.29,12.62,26.02,24.96,10.0,1.24,20.00,29.48,23.50,9.18
2025-03-11 15:45:33,25.73,26.00,8.13,10.26,14.21,12.27,12.61,26.11,24.96,10.0,1.24,20.00,29.48,23.50,9.20
2025-03-11 15:45:35,25.73,25.97,8.13,10.25,14.21,12.26,12.60,26.02,24.97,10.0,1.24,20.00,29.53,23.42,9.20
2025-03-11 15:45:37,25.73,25.94,8.12,10.23,14.19,12.24,12.59,25.86,24.96,10.0,1.26,20.00,29.49,23.40,9.13
2025-03-11 15:45:39,25.73,25.93,8.10,10.19,14.18,12.23,12.57,25.85,24.95,10.0,1.26,20.00,29.49,23.40,9.04
2025-03-11 15:45:41,25.73,25.92,8.10,10.17,14.17,12.21,12.54,25.88,24.96,10.0,1.18,20.00,29.52,23.40,8.84
2025-03-11 15:45:43,25.73,25.90,8.10,10.17,14.17,12.20,12.55,26.19,24.96,10.0,1.18,20.00,29.52,23.40,8.57
2025-03-11 15:45:45,25.73,25.89,8.13,10.15,14.15,12.19,12.53,25.81,24.96,10.0,1.18,20.00,29.49,23.40,8.34
2025-03-11 15:45:47,25.73,25.87,8.12,10.13,14.15,12.17,12.52,25.87,24.96,10.0,1.18,20.00,29.48,23.40,8.22
2025-03-11 15:45:49,25.73,25.86,8.13,10.12,14.15,12.16,12.51,25.96,24.96,10.0,1.21,20.00,29.53,23.40,8.30
2025-03-11 15:45:51,25.73,25.84,8.12,10.10,14.13,12.14,12.49,26.02,24.97,10.0,1.21,20.00,29.48,23.40,8.40
2025-03-11 15:45:52,25.73,25.84,8.12,10.07,14.13,12.13,12.48,25.82,24.96,10.0,1.16,20.00,29.47,23.40,9.18
2025-03-11 15:45:54,25.73,25.84,8.11,10.06,14.11,12.11,12.46,25.98,24.96,10.0,1.16,20.00,29.52,23.40,9.10
2025-03-11 15:45:56,25.73,25.84,8.13,10.05,14.11,12.11,12.45,25.93,24.97,10.0,1.16,20.00,29.47,23.40,8.91
2025-03-11 15:45:58,25.73,25.84,8.14,10.03,14.10,12.10,12.44,25.84,24.97,10.0,1.16,20.00,29.47,23.40,8.81
2025-03-11 15:46:00,25.73,25.82,8.14,10.02,14.09,12.07,12.42,25.79,24.96,10.0,1.12,20.00,29.48,23.40,8.61
2025-03-11 15:46:02,25.73,25.82,8.15,9.99,14.09,12.07,12.41,25.87,24.96,10.0,1.12,20.00,29.47,23.40,8.32
2025-03-11 15:46:04,25.73,25.78,8.16,9.98,14.07,12.05,12.40,25.92,24.96,10.0,1.12,20.00,29.48,23.40,8.03
2025-03-11 15:46:06,25.73,25.76,8.19,9.97,14.06,12.04,12.39,25.86,24.97,10.0,1.03,20.00,29.47,23.40,7.82
2025-03-11 15:46:08,25.73,25.70,8.20,9.95,14.05,12.02,12.36,25.72,24.96,10.0,1.03,20.00,29.47,23.40,7.54
2025-03-11 15:46:10,25.73,25.68,8.22,9.93,14.04,12.01,12.35,25.76,24.97,10.0,1.03,20.00,29.51,23.40,7.42
2025-03-11 15:46:11,25.73,25.66,8.23,9.93,14.03,11.99,12.34,25.83,24.95,10.0,1.07,20.00,29.48,23.40,7.32
2025-03-11 15:46:13,25.73,25.62,8.22,9.90,14.01,11.98,12.33,25.81,24.95,10.0,1.07,20.00,29.46,23.40,7.15
2025-03-11 15:46:15,25.73,25.61,8.23,9.89,14.00,11.97,12.32,25.89,24.96,10.0,1.07,20.00,29.47,23.40,7.24
2025-03-11 15:46:17,25.73,25.58,8.25,9.88,14.00,11.96,12.30,25.83,24.95,10.0,0.99,20.00,29.48,23.34,7.36
2025-03-11 15:46:19,25.73,25.54,8.26,9.86,13.98,11.93,12.28,25.72,24.94,10.0,0.99,20.00,29.47,23.30,7.34
2025-03-11 15:46:21,25.73,25.52,8.28,9.86,13.98,11.93,12.28,26.03,24.95,10.0,0.99,20.00,29.46,23.30,7.30
